// Auto-generated by scripts/vlw_to_header.py - do not edit.
#pragma once
#include <pgmspace.h>
#include <stdint.h>

const uint8_t Conthrax_SemiBold_28px_vlw[] PROGMEM = {
  0x00,0x00,0x00,0x5F,0x00,0x00,0x00,0x0B,0x00,0x00,0x00,0x18,0x00,0x00,0x00,0x00,
  0x00,0x00,0x00,0x16,0xFF,0xFF,0xFF,0xFB,0x00,0x00,0x00,0x20,0x00,0x00,0x00,0x00,
  0x00,0x00,0x00,0x00,0x00,0x00,0x00,0x09,0x00,0x00,0x00,0x00,0x00,0x00,0x00,0x00,
  0x00,0x00,0x00,0x00,0x00,0x00,0x00,0x21,0x00,0x00,0x00,0x12,0x00,0x00,0x00,0x05,
  0x00,0x00,0x00,0x07,0x00,0x00,0x00,0x12,0x00,0x00,0x00,0x01,0x00,0x00,0x00,0x00,
  0x00,0x00,0x00,0x22,0x00,0x00,0x00,0x08,0x00,0x00,0x00,0x0A,0x00,0x00,0x00,0x0C,
  0x00,0x00,0x00,0x12,0x00,0x00,0x00,0x01,0x00,0x00,0x00,0x00,0x00,0x00,0x00,0x23,
  0x00,0x00,0x00,0x11,0x00,0x00,0x00,0x13,0x00,0x00,0x00,0x15,0x00,0x00,0x00,0x11,
  0x00,0x00,0x00,0x01,0x00,0x00,0x00,0x00,0x00,0x00,0x00,0x24,0x00,0x00,0x00,0x14,
  0x00,0x00,0x00,0x12,0x00,0x00,0x00,0x14,0x00,0x00,0x00,0x12,0x00,0x00,0x00,0x01,
  0x00,0x00,0x00,0x00,0x00,0x00,0x00,0x25,0x00,0x00,0x00,0x11,0x00,0x00,0x00,0x19,
  0x00,0x00,0x00,0x1C,0x00,0x00,0x00,0x11,0x00,0x00,0x00,0x01,0x00,0x00,0x00,0x00,
  0x00,0x00,0x00,0x26,0x00,0x00,0x00,0x12,0x00,0x00,0x00,0x15,0x00,0x00,0x00,0x15,
  0x00,0x00,0x00,0x12,0x00,0x00,0x00,0x00,0x00,0x00,0x00,0x00,0x00,0x00,0x00,0x27,
  0x00,0x00,0x00,0x08,0x00,0x00,0x00,0x05,0x00,0x00,0x00,0x07,0x00,0x00,0x00,0x12,
  0x00,0x00,0x00,0x01,0x00,0x00,0x00,0x00,0x00,0x00,0x00,0x28,0x00,0x00,0x00,0x1B,
  0x00,0x00,0x00,0x07,0x00,0x00,0x00,0x0B,0x00,0x00,0x00,0x16,0x00,0x00,0x00,0x03,
  0x00,0x00,0x00,0x00,0x00,0x00,0x00,0x29,0x00,0x00,0x00,0x1B,0x00,0x00,0x00,0x08,
  0x00,0x00,0x00,0x0B,0x00,0x00,0x00,0x16,0x00,0x00,0x00,0x00,0x00,0x00,0x00,0x00,
  0x00,0x00,0x00,0x2A,0x00,0x00,0x00,0x0D,0x00,0x00,0x00,0x0E,0x00,0x00,0x00,0x0E,
  0x00,0x00,0x00,0x12,0x00,0x00,0x00,0x00,0x00,0x00,0x00,0x00,0x00,0x00,0x00,0x2B,
  0x00,0x00,0x00,0x0D,0x00,0x00,0x00,0x0D,0x00,0x00,0x00,0x0F,0x00,0x00,0x00,0x0F,
  0x00,0x00,0x00,0x01,0x00,0x00,0x00,0x00,0x00,0x00,0x00,0x2C,0x00,0x00,0x00,0x08,
  0x00,0x00,0x00,0x04,0x00,0x00,0x00,0x07,0x00,0x00,0x00,0x04,0x00,0x00,0x00,0x01,
  0x00,0x00,0x00,0x00,0x00,0x00,0x00,0x2D,0x00,0x00,0x00,0x03,0x00,0x00,0x00,0x09,
  0x00,0x00,0x00,0x0A,0x00,0x00,0x00,0x0A,0x00,0x00,0x00,0x00,0x00,0x00,0x00,0x00,
  0x00,0x00,0x00,0x2E,0x00,0x00,0x00,0x04,0x00,0x00,0x00,0x04,0x00,0x00,0x00,0x07,
  0x00,0x00,0x00,0x04,0x00,0x00,0x00,0x01,0x00,0x00,0x00,0x00,0x00,0x00,0x00,0x2F,
  0x00,0x00,0x00,0x17,0x00,0x00,0x00,0x0A,0x00,0x00,0x00,0x0A,0x00,0x00,0x00,0x14,
  0x00,0x00,0x00,0x00,0x00,0x00,0x00,0x00,0x00,0x00,0x00,0x30,0x00,0x00,0x00,0x11,
  0x00,0x00,0x00,0x14,0x00,0x00,0x00,0x16,0x00,0x00,0x00,0x11,0x00,0x00,0x00,0x01,
  0x00,0x00,0x00,0x00,0x00,0x00,0x00,0x31,0x00,0x00,0x00,0x11,0x00,0x00,0x00,0x07,
  0x00,0x00,0x00,0x09,0x00,0x00,0x00,0x11,0x00,0x00,0x00,0x00,0x00,0x00,0x00,0x00,
  0x00,0x00,0x00,0x32,0x00,0x00,0x00,0x11,0x00,0x00,0x00,0x13,0x00,0x00,0x00,0x15,
  0x00,0x00,0x00,0x11,0x00,0x00,0x00,0x01,0x00,0x00,0x00,0x00,0x00,0x00,0x00,0x33,
  0x00,0x00,0x00,0x11,0x00,0x00,0x00,0x12,0x00,0x00,0x00,0x15,0x00,0x00,0x00,0x11,
  0x00,0x00,0x00,0x01,0x00,0x00,0x00,0x00,0x00,0x00,0x00,0x34,0x00,0x00,0x00,0x11,
  0x00,0x00,0x00,0x16,0x00,0x00,0x00,0x16,0x00,0x00,0x00,0x11,0x00,0x00,0x00,0x00,
  0x00,0x00,0x00,0x00,0x00,0x00,0x00,0x35,0x00,0x00,0x00,0x11,0x00,0x00,0x00,0x13,
  0x00,0x00,0x00,0x15,0x00,0x00,0x00,0x11,0x00,0x00,0x00,0x01,0x00,0x00,0x00,0x00,
  0x00,0x00,0x00,0x36,0x00,0x00,0x00,0x11,0x00,0x00,0x00,0x13,0x00,0x00,0x00,0x15,
  0x00,0x00,0x00,0x11,0x00,0x00,0x00,0x01,0x00,0x00,0x00,0x00,0x00,0x00,0x00,0x37,
  0x00,0x00,0x00,0x11,0x00,0x00,0x00,0x14,0x00,0x00,0x00,0x14,0x00,0x00,0x00,0x11,
  0x00,0x00,0x00,0x00,0x00,0x00,0x00,0x00,0x00,0x00,0x00,0x38,0x00,0x00,0x00,0x11,
  0x00,0x00,0x00,0x14,0x00,0x00,0x00,0x16,0x00,0x00,0x00,0x11,0x00,0x00,0x00,0x01,
  0x00,0x00,0x00,0x00,0x00,0x00,0x00,0x39,0x00,0x00,0x00,0x11,0x00,0x00,0x00,0x13,
  0x00,0x00,0x00,0x15,0x00,0x00,0x00,0x11,0x00,0x00,0x00,0x01,0x00,0x00,0x00,0x00,
  0x00,0x00,0x00,0x3A,0x00,0x00,0x00,0x0B,0x00,0x00,0x00,0x04,0x00,0x00,0x00,0x07,
  0x00,0x00,0x00,0x0D,0x00,0x00,0x00,0x01,0x00,0x00,0x00,0x00,0x00,0x00,0x00,0x3B,
  0x00,0x00,0x00,0x0F,0x00,0x00,0x00,0x04,0x00,0x00,0x00,0x07,0x00,0x00,0x00,0x0D,
  0x00,0x00,0x00,0x01,0x00,0x00,0x00,0x00,0x00,0x00,0x00,0x3C,0x00,0x00,0x00,0x0D,
  0x00,0x00,0x00,0x0D,0x00,0x00,0x00,0x0F,0x00,0x00,0x00,0x0F,0x00,0x00,0x00,0x01,
  0x00,0x00,0x00,0x00,0x00,0x00,0x00,0x3D,0x00,0x00,0x00,0x08,0x00,0x00,0x00,0x0D,
  0x00,0x00,0x00,0x0F,0x00,0x00,0x00,0x0C,0x00,0x00,0x00,0x01,0x00,0x00,0x00,0x00,
  0x00,0x00,0x00,0x3E,0x00,0x00,0x00,0x0D,0x00,0x00,0x00,0x0D,0x00,0x00,0x00,0x0F,
  0x00,0x00,0x00,0x0F,0x00,0x00,0x00,0x01,0x00,0x00,0x00,0x00,0x00,0x00,0x00,0x3F,
  0x00,0x00,0x00,0x12,0x00,0x00,0x00,0x0F,0x00,0x00,0x00,0x10,0x00,0x00,0x00,0x12,
  0x00,0x00,0x00,0x00,0x00,0x00,0x00,0x00,0x00,0x00,0x00,0x40,0x00,0x00,0x00,0x14,
  0x00,0x00,0x00,0x13,0x00,0x00,0x00,0x15,0x00,0x00,0x00,0x0F,0x00,0x00,0x00,0x01,
  0x00,0x00,0x00,0x00,0x00,0x00,0x00,0x41,0x00,0x00,0x00,0x11,0x00,0x00,0x00,0x18,
  0x00,0x00,0x00,0x18,0x00,0x00,0x00,0x11,0x00,0x00,0x00,0x00,0x00,0x00,0x00,0x00,
  0x00,0x00,0x00,0x42,0x00,0x00,0x00,0x11,0x00,0x00,0x00,0x14,0x00,0x00,0x00,0x17,
  0x00,0x00,0x00,0x11,0x00,0x00,0x00,0x01,0x00,0x00,0x00,0x00,0x00,0x00,0x00,0x43,
  0x00,0x00,0x00,0x11,0x00,0x00,0x00,0x13,0x00,0x00,0x00,0x15,0x00,0x00,0x00,0x11,
  0x00,0x00,0x00,0x01,0x00,0x00,0x00,0x00,0x00,0x00,0x00,0x44,0x00,0x00,0x00,0x11,
  0x00,0x00,0x00,0x14,0x00,0x00,0x00,0x17,0x00,0x00,0x00,0x11,0x00,0x00,0x00,0x01,
  0x00,0x00,0x00,0x00,0x00,0x00,0x00,0x45,0x00,0x00,0x00,0x11,0x00,0x00,0x00,0x13,
  0x00,0x00,0x00,0x15,0x00,0x00,0x00,0x11,0x00,0x00,0x00,0x01,0x00,0x00,0x00,0x00,
  0x00,0x00,0x00,0x46,0x00,0x00,0x00,0x11,0x00,0x00,0x00,0x13,0x00,0x00,0x00,0x15,
  0x00,0x00,0x00,0x11,0x00,0x00,0x00,0x01,0x00,0x00,0x00,0x00,0x00,0x00,0x00,0x47,
  0x00,0x00,0x00,0x11,0x00,0x00,0x00,0x14,0x00,0x00,0x00,0x17,0x00,0x00,0x00,0x11,
  0x00,0x00,0x00,0x01,0x00,0x00,0x00,0x00,0x00,0x00,0x00,0x48,0x00,0x00,0x00,0x11,
  0x00,0x00,0x00,0x14,0x00,0x00,0x00,0x16,0x00,0x00,0x00,0x11,0x00,0x00,0x00,0x01,
  0x00,0x00,0x00,0x00,0x00,0x00,0x00,0x49,0x00,0x00,0x00,0x11,0x00,0x00,0x00,0x05,
  0x00,0x00,0x00,0x07,0x00,0x00,0x00,0x11,0x00,0x00,0x00,0x01,0x00,0x00,0x00,0x00,
  0x00,0x00,0x00,0x4A,0x00,0x00,0x00,0x11,0x00,0x00,0x00,0x12,0x00,0x00,0x00,0x13,
  0x00,0x00,0x00,0x11,0x00,0x00,0x00,0x00,0x00,0x00,0x00,0x00,0x00,0x00,0x00,0x4B,
  0x00,0x00,0x00,0x11,0x00,0x00,0x00,0x14,0x00,0x00,0x00,0x15,0x00,0x00,0x00,0x11,
  0x00,0x00,0x00,0x01,0x00,0x00,0x00,0x00,0x00,0x00,0x00,0x4C,0x00,0x00,0x00,0x11,
  0x00,0x00,0x00,0x12,0x00,0x00,0x00,0x14,0x00,0x00,0x00,0x11,0x00,0x00,0x00,0x01,
  0x00,0x00,0x00,0x00,0x00,0x00,0x00,0x4D,0x00,0x00,0x00,0x11,0x00,0x00,0x00,0x1B,
  0x00,0x00,0x00,0x1D,0x00,0x00,0x00,0x11,0x00,0x00,0x00,0x01,0x00,0x00,0x00,0x00,
  0x00,0x00,0x00,0x4E,0x00,0x00,0x00,0x11,0x00,0x00,0x00,0x15,0x00,0x00,0x00,0x18,
  0x00,0x00,0x00,0x11,0x00,0x00,0x00,0x01,0x00,0x00,0x00,0x00,0x00,0x00,0x00,0x4F,
  0x00,0x00,0x00,0x11,0x00,0x00,0x00,0x16,0x00,0x00,0x00,0x18,0x00,0x00,0x00,0x11,
  0x00,0x00,0x00,0x01,0x00,0x00,0x00,0x00,0x00,0x00,0x00,0x50,0x00,0x00,0x00,0x11,
  0x00,0x00,0x00,0x14,0x00,0x00,0x00,0x16,0x00,0x00,0x00,0x11,0x00,0x00,0x00,0x01,
  0x00,0x00,0x00,0x00,0x00,0x00,0x00,0x51,0x00,0x00,0x00,0x16,0x00,0x00,0x00,0x16,
  0x00,0x00,0x00,0x18,0x00,0x00,0x00,0x11,0x00,0x00,0x00,0x01,0x00,0x00,0x00,0x00,
  0x00,0x00,0x00,0x52,0x00,0x00,0x00,0x11,0x00,0x00,0x00,0x15,0x00,0x00,0x00,0x16,
  0x00,0x00,0x00,0x11,0x00,0x00,0x00,0x01,0x00,0x00,0x00,0x00,0x00,0x00,0x00,0x53,
  0x00,0x00,0x00,0x11,0x00,0x00,0x00,0x13,0x00,0x00,0x00,0x15,0x00,0x00,0x00,0x11,
  0x00,0x00,0x00,0x01,0x00,0x00,0x00,0x00,0x00,0x00,0x00,0x54,0x00,0x00,0x00,0x11,
  0x00,0x00,0x00,0x15,0x00,0x00,0x00,0x15,0x00,0x00,0x00,0x11,0x00,0x00,0x00,0x00,
  0x00,0x00,0x00,0x00,0x00,0x00,0x00,0x55,0x00,0x00,0x00,0x11,0x00,0x00,0x00,0x15,
  0x00,0x00,0x00,0x18,0x00,0x00,0x00,0x11,0x00,0x00,0x00,0x01,0x00,0x00,0x00,0x00,
  0x00,0x00,0x00,0x56,0x00,0x00,0x00,0x11,0x00,0x00,0x00,0x18,0x00,0x00,0x00,0x18,
  0x00,0x00,0x00,0x11,0x00,0x00,0x00,0x00,0x00,0x00,0x00,0x00,0x00,0x00,0x00,0x57,
  0x00,0x00,0x00,0x11,0x00,0x00,0x00,0x1F,0x00,0x00,0x00,0x20,0x00,0x00,0x00,0x11,
  0x00,0x00,0x00,0x00,0x00,0x00,0x00,0x00,0x00,0x00,0x00,0x58,0x00,0x00,0x00,0x11,
  0x00,0x00,0x00,0x16,0x00,0x00,0x00,0x16,0x00,0x00,0x00,0x11,0x00,0x00,0x00,0x00,
  0x00,0x00,0x00,0x00,0x00,0x00,0x00,0x59,0x00,0x00,0x00,0x11,0x00,0x00,0x00,0x16,
  0x00,0x00,0x00,0x16,0x00,0x00,0x00,0x11,0x00,0x00,0x00,0x00,0x00,0x00,0x00,0x00,
  0x00,0x00,0x00,0x5A,0x00,0x00,0x00,0x11,0x00,0x00,0x00,0x13,0x00,0x00,0x00,0x15,
  0x00,0x00,0x00,0x11,0x00,0x00,0x00,0x01,0x00,0x00,0x00,0x00,0x00,0x00,0x00,0x5B,
  0x00,0x00,0x00,0x1B,0x00,0x00,0x00,0x07,0x00,0x00,0x00,0x0B,0x00,0x00,0x00,0x16,
  0x00,0x00,0x00,0x03,0x00,0x00,0x00,0x00,0x00,0x00,0x00,0x5C,0x00,0x00,0x00,0x17,
  0x00,0x00,0x00,0x0A,0x00,0x00,0x00,0x0A,0x00,0x00,0x00,0x14,0x00,0x00,0x00,0x00,
  0x00,0x00,0x00,0x00,0x00,0x00,0x00,0x5D,0x00,0x00,0x00,0x1B,0x00,0x00,0x00,0x08,
  0x00,0x00,0x00,0x0B,0x00,0x00,0x00,0x16,0x00,0x00,0x00,0x00,0x00,0x00,0x00,0x00,
  0x00,0x00,0x00,0x5E,0x00,0x00,0x00,0x0D,0x00,0x00,0x00,0x0D,0x00,0x00,0x00,0x0F,
  0x00,0x00,0x00,0x11,0x00,0x00,0x00,0x01,0x00,0x00,0x00,0x00,0x00,0x00,0x00,0x5F,
  0x00,0x00,0x00,0x03,0x00,0x00,0x00,0x10,0x00,0x00,0x00,0x10,0xFF,0xFF,0xFF,0xFF,
  0x00,0x00,0x00,0x00,0x00,0x00,0x00,0x00,0x00,0x00,0x00,0x60,0x00,0x00,0x00,0x06,
  0x00,0x00,0x00,0x07,0x00,0x00,0x00,0x0A,0x00,0x00,0x00,0x14,0x00,0x00,0x00,0x01,
  0x00,0x00,0x00,0x00,0x00,0x00,0x00,0x61,0x00,0x00,0x00,0x0D,0x00,0x00,0x00,0x12,
  0x00,0x00,0x00,0x13,0x00,0x00,0x00,0x0D,0x00,0x00,0x00,0x00,0x00,0x00,0x00,0x00,
  0x00,0x00,0x00,0x62,0x00,0x00,0x00,0x12,0x00,0x00,0x00,0x13,0x00,0x00,0x00,0x15,
  0x00,0x00,0x00,0x12,0x00,0x00,0x00,0x01,0x00,0x00,0x00,0x00,0x00,0x00,0x00,0x63,
  0x00,0x00,0x00,0x0D,0x00,0x00,0x00,0x11,0x00,0x00,0x00,0x12,0x00,0x00,0x00,0x0D,
  0x00,0x00,0x00,0x00,0x00,0x00,0x00,0x00,0x00,0x00,0x00,0x64,0x00,0x00,0x00,0x12,
  0x00,0x00,0x00,0x13,0x00,0x00,0x00,0x15,0x00,0x00,0x00,0x12,0x00,0x00,0x00,0x01,
  0x00,0x00,0x00,0x00,0x00,0x00,0x00,0x65,0x00,0x00,0x00,0x0D,0x00,0x00,0x00,0x12,
  0x00,0x00,0x00,0x13,0x00,0x00,0x00,0x0D,0x00,0x00,0x00,0x00,0x00,0x00,0x00,0x00,
  0x00,0x00,0x00,0x66,0x00,0x00,0x00,0x12,0x00,0x00,0x00,0x0C,0x00,0x00,0x00,0x0C,
  0x00,0x00,0x00,0x12,0x00,0x00,0x00,0x00,0x00,0x00,0x00,0x00,0x00,0x00,0x00,0x67,
  0x00,0x00,0x00,0x12,0x00,0x00,0x00,0x13,0x00,0x00,0x00,0x15,0x00,0x00,0x00,0x0D,
  0x00,0x00,0x00,0x01,0x00,0x00,0x00,0x00,0x00,0x00,0x00,0x68,0x00,0x00,0x00,0x12,
  0x00,0x00,0x00,0x13,0x00,0x00,0x00,0x16,0x00,0x00,0x00,0x12,0x00,0x00,0x00,0x01,
  0x00,0x00,0x00,0x00,0x00,0x00,0x00,0x69,0x00,0x00,0x00,0x12,0x00,0x00,0x00,0x04,
  0x00,0x00,0x00,0x07,0x00,0x00,0x00,0x12,0x00,0x00,0x00,0x01,0x00,0x00,0x00,0x00,
  0x00,0x00,0x00,0x6A,0x00,0x00,0x00,0x17,0x00,0x00,0x00,0x09,0x00,0x00,0x00,0x07,
  0x00,0x00,0x00,0x12,0xFF,0xFF,0xFF,0xFD,0x00,0x00,0x00,0x00,0x00,0x00,0x00,0x6B,
  0x00,0x00,0x00,0x12,0x00,0x00,0x00,0x12,0x00,0x00,0x00,0x14,0x00,0x00,0x00,0x12,
  0x00,0x00,0x00,0x01,0x00,0x00,0x00,0x00,0x00,0x00,0x00,0x6C,0x00,0x00,0x00,0x12,
  0x00,0x00,0x00,0x04,0x00,0x00,0x00,0x07,0x00,0x00,0x00,0x12,0x00,0x00,0x00,0x01,
  0x00,0x00,0x00,0x00,0x00,0x00,0x00,0x6D,0x00,0x00,0x00,0x0D,0x00,0x00,0x00,0x19,
  0x00,0x00,0x00,0x1B,0x00,0x00,0x00,0x0D,0x00,0x00,0x00,0x01,0x00,0x00,0x00,0x00,
  0x00,0x00,0x00,0x6E,0x00,0x00,0x00,0x0D,0x00,0x00,0x00,0x13,0x00,0x00,0x00,0x16,
  0x00,0x00,0x00,0x0D,0x00,0x00,0x00,0x01,0x00,0x00,0x00,0x00,0x00,0x00,0x00,0x6F,
  0x00,0x00,0x00,0x0D,0x00,0x00,0x00,0x13,0x00,0x00,0x00,0x15,0x00,0x00,0x00,0x0D,
  0x00,0x00,0x00,0x01,0x00,0x00,0x00,0x00,0x00,0x00,0x00,0x70,0x00,0x00,0x00,0x12,
  0x00,0x00,0x00,0x13,0x00,0x00,0x00,0x15,0x00,0x00,0x00,0x0D,0x00,0x00,0x00,0x01,
  0x00,0x00,0x00,0x00,0x00,0x00,0x00,0x71,0x00,0x00,0x00,0x12,0x00,0x00,0x00,0x13,
  0x00,0x00,0x00,0x15,0x00,0x00,0x00,0x0D,0x00,0x00,0x00,0x01,0x00,0x00,0x00,0x00,
  0x00,0x00,0x00,0x72,0x00,0x00,0x00,0x0D,0x00,0x00,0x00,0x0E,0x00,0x00,0x00,0x0F,
  0x00,0x00,0x00,0x0D,0x00,0x00,0x00,0x01,0x00,0x00,0x00,0x00,0x00,0x00,0x00,0x73,
  0x00,0x00,0x00,0x0D,0x00,0x00,0x00,0x11,0x00,0x00,0x00,0x13,0x00,0x00,0x00,0x0D,
  0x00,0x00,0x00,0x01,0x00,0x00,0x00,0x00,0x00,0x00,0x00,0x74,0x00,0x00,0x00,0x11,
  0x00,0x00,0x00,0x0C,0x00,0x00,0x00,0x0C,0x00,0x00,0x00,0x11,0x00,0x00,0x00,0x00,
  0x00,0x00,0x00,0x00,0x00,0x00,0x00,0x75,0x00,0x00,0x00,0x0D,0x00,0x00,0x00,0x13,
  0x00,0x00,0x00,0x16,0x00,0x00,0x00,0x0D,0x00,0x00,0x00,0x01,0x00,0x00,0x00,0x00,
  0x00,0x00,0x00,0x76,0x00,0x00,0x00,0x0D,0x00,0x00,0x00,0x14,0x00,0x00,0x00,0x14,
  0x00,0x00,0x00,0x0D,0x00,0x00,0x00,0x00,0x00,0x00,0x00,0x00,0x00,0x00,0x00,0x77,
  0x00,0x00,0x00,0x0D,0x00,0x00,0x00,0x1C,0x00,0x00,0x00,0x1C,0x00,0x00,0x00,0x0D,
  0x00,0x00,0x00,0x00,0x00,0x00,0x00,0x00,0x00,0x00,0x00,0x78,0x00,0x00,0x00,0x0D,
  0x00,0x00,0x00,0x13,0x00,0x00,0x00,0x13,0x00,0x00,0x00,0x0D,0x00,0x00,0x00,0x00,
  0x00,0x00,0x00,0x00,0x00,0x00,0x00,0x79,0x00,0x00,0x00,0x12,0x00,0x00,0x00,0x14,
  0x00,0x00,0x00,0x14,0x00,0x00,0x00,0x0D,0x00,0x00,0x00,0x00,0x00,0x00,0x00,0x00,
  0x00,0x00,0x00,0x7A,0x00,0x00,0x00,0x0D,0x00,0x00,0x00,0x10,0x00,0x00,0x00,0x12,
  0x00,0x00,0x00,0x0D,0x00,0x00,0x00,0x01,0x00,0x00,0x00,0x00,0x00,0x00,0x00,0x7B,
  0x00,0x00,0x00,0x1B,0x00,0x00,0x00,0x09,0x00,0x00,0x00,0x0B,0x00,0x00,0x00,0x16,
  0x00,0x00,0x00,0x01,0x00,0x00,0x00,0x00,0x00,0x00,0x00,0x7C,0x00,0x00,0x00,0x17,
  0x00,0x00,0x00,0x04,0x00,0x00,0x00,0x0B,0x00,0x00,0x00,0x14,0x00,0x00,0x00,0x03,
  0x00,0x00,0x00,0x00,0x00,0x00,0x00,0x7D,0x00,0x00,0x00,0x1B,0x00,0x00,0x00,0x0A,
  0x00,0x00,0x00,0x0B,0x00,0x00,0x00,0x16,0x00,0x00,0x00,0x00,0x00,0x00,0x00,0x00,
  0x00,0x00,0x00,0x7E,0x00,0x00,0x00,0x04,0x00,0x00,0x00,0x0D,0x00,0x00,0x00,0x0F,
  0x00,0x00,0x00,0x0B,0x00,0x00,0x00,0x01,0x00,0x00,0x00,0x00,0x9C,0xFF,0xFF,0xF4,
  0x07,0xA1,0xFF,0xFF,0xFE,0x02,0x91,0xFF,0xFF,0xF1,0x00,0x81,0xFF,0xFF,0xE1,0x00,
  0x71,0xFF,0xFF,0xD2,0x00,0x62,0xFF,0xFF,0xC3,0x00,0x52,0xFF,0xFF,0xB3,0x00,0x42,
  0xFF,0xFF,0xA4,0x00,0x32,0xFF,0xFF,0x94,0x00,0x22,0xFF,0xFF,0x85,0x00,0x13,0xFF,
  0xFF,0x76,0x00,0x02,0xAA,0xB7,0x3C,0x00,0x00,0x00,0x00,0x00,0x00,0x00,0x00,0x00,
  0x00,0x00,0x19,0x4F,0x4F,0x38,0x00,0x82,0xFF,0xFF,0xE2,0x00,0x83,0xFF,0xFF,0xE3,
  0x00,0x72,0xFF,0xFF,0xD3,0x00,0x6A,0xFF,0xFF,0xE9,0x00,0x25,0xFC,0xFF,0xFD,0x33,
  0x68,0xFF,0xFF,0xE7,0x00,0x20,0xFF,0xFF,0xFF,0x2F,0x52,0xFF,0xFF,0xD1,0x00,0x0A,
  0xFF,0xFF,0xFF,0x19,0x3C,0xFF,0xFF,0xBB,0x00,0x00,0xF4,0xFF,0xFE,0x05,0x25,0xFF,
  0xFF,0xA4,0x00,0x00,0xDD,0xFF,0xEC,0x00,0x0F,0xFF,0xFF,0x8E,0x00,0x00,0xC7,0xFF,
  0xD6,0x00,0x00,0xF7,0xFF,0x77,0x00,0x00,0xAF,0xFF,0xBF,0x00,0x00,0x4B,0x63,0x19,
  0x00,0x00,0x2F,0x63,0x35,0x00,0x00,0x00,0x00,0x00,0xCB,0xFF,0x53,0x00,0x00,0x00,
  0x00,0x00,0xCC,0xFF,0x4B,0x00,0x00,0x00,0x00,0x00,0x00,0x00,0x00,0xE3,0xFF,0x6B,
  0x00,0x00,0x00,0x00,0x00,0xE3,0xFF,0x63,0x00,0x00,0x00,0x00,0x00,0x00,0x00,0x00,
  0xE3,0xFF,0x6B,0x00,0x00,0x00,0x00,0x00,0xE3,0xFF,0x63,0x00,0x00,0x00,0x00,0x00,
  0x00,0x00,0x00,0xE3,0xFF,0x6B,0x00,0x00,0x00,0x00,0x00,0xE3,0xFF,0x63,0x00,0x00,
  0x00,0x00,0x77,0xFF,0xFF,0xFF,0xFF,0xFF,0xFF,0xFF,0xFF,0xFF,0xFF,0xFF,0xFF,0xFF,
  0xFF,0xFF,0xFF,0xED,0x09,0x8D,0xFF,0xFF,0xFF,0xFF,0xFF,0xFF,0xFF,0xFF,0xFF,0xFF,
  0xFF,0xFF,0xFF,0xFF,0xFF,0xFF,0xFF,0x0E,0x13,0x47,0x47,0x47,0xEB,0xFF,0x95,0x47,
  0x47,0x47,0x47,0x47,0xEB,0xFF,0x8F,0x47,0x47,0x37,0x00,0x00,0x00,0x00,0x00,0xE3,
  0xFF,0x6B,0x00,0x00,0x00,0x00,0x00,0xE3,0xFF,0x63,0x00,0x00,0x00,0x00,0x00,0x00,
  0x00,0x00,0xE3,0xFF,0x6B,0x00,0x00,0x00,0x00,0x00,0xE3,0xFF,0x63,0x00,0x00,0x00,
  0x00,0x00,0x00,0x00,0x00,0xE3,0xFF,0x6B,0x00,0x00,0x00,0x00,0x00,0xE3,0xFF,0x63,
  0x00,0x00,0x00,0x00,0x00,0x00,0x00,0x00,0xE3,0xFF,0x6B,0x00,0x00,0x00,0x00,0x00,
  0xE3,0xFF,0x63,0x00,0x00,0x00,0x00,0x78,0xFF,0xFF,0xFF,0xFF,0xFF,0xFF,0xFF,0xFF,
  0xFF,0xFF,0xFF,0xFF,0xFF,0xFF,0xFF,0xFF,0xEE,0x09,0x8C,0xFF,0xFF,0xFF,0xFF,0xFF,
  0xFF,0xFF,0xFF,0xFF,0xFF,0xFF,0xFF,0xFF,0xFF,0xFF,0xFF,0xFE,0x0D,0x11,0x43,0x43,
  0x43,0xEB,0xFF,0x93,0x43,0x43,0x43,0x43,0x43,0xEB,0xFF,0x8D,0x43,0x43,0x33,0x00,
  0x00,0x00,0x00,0x00,0xE3,0xFF,0x6B,0x00,0x00,0x00,0x00,0x00,0xE3,0xFF,0x63,0x00,
  0x00,0x00,0x00,0x00,0x00,0x00,0x00,0xE3,0xFF,0x6B,0x00,0x00,0x00,0x00,0x00,0xE3,
  0xFF,0x63,0x00,0x00,0x00,0x00,0x00,0x00,0x00,0x00,0xCD,0xFF,0x55,0x00,0x00,0x00,
  0x00,0x00,0xCE,0xFF,0x4D,0x00,0x00,0x00,0x00,0x00,0x00,0x00,0x00,0x00,0x00,0x00,
  0x18,0xF6,0xE6,0x00,0x00,0x00,0x00,0x00,0x00,0x00,0x00,0x00,0x00,0x00,0x00,0x00,
  0x00,0x00,0x23,0xFF,0xFB,0x00,0x00,0x00,0x00,0x00,0x00,0x00,0x00,0x00,0x24,0xAE,
  0xE4,0xFF,0xFF,0xFF,0xFF,0xFF,0xFF,0xFF,0xFF,0xFF,0xFF,0xFF,0xFF,0xB5,0x00,0x0A,
  0xE3,0xFF,0xFF,0xFF,0xFF,0xFF,0xFF,0xFF,0xFF,0xFF,0xFF,0xFF,0xFF,0xFF,0xFF,0xCF,
  0x00,0x57,0xFF,0xFF,0xFF,0xFF,0xFF,0xFF,0xFF,0xFF,0xFF,0xFF,0xFF,0xFF,0xFF,0xFF,
  0xFF,0xC3,0x00,0x79,0xFF,0xFF,0xFF,0x58,0x23,0x23,0x42,0xFF,0xFC,0x23,0x23,0x23,
  0x23,0x23,0x23,0x0F,0x00,0x83,0xFF,0xFF,0xE6,0x00,0x00,0x00,0x23,0xFF,0xFB,0x00,
  0x00,0x00,0x00,0x00,0x00,0x00,0x00,0x72,0xFF,0xFF,0xF6,0x1B,0x00,0x00,0x23,0xFF,
  0xFB,0x00,0x00,0x00,0x00,0x00,0x00,0x00,0x00,0x4B,0xFF,0xFF,0xFF,0xFE,0xF0,0xEF,
  0xF2,0xFF,0xFF,0xEF,0xEF,0xEF,0xED,0xCD,0x87,0x0A,0x00,0x03,0xD4,0xFF,0xFF,0xFF,
  0xFF,0xFF,0xFF,0xFF,0xFF,0xFF,0xFF,0xFF,0xFF,0xFF,0xFF,0xB5,0x00,0x00,0x18,0xA4,
  0xE3,0xFF,0xFF,0xFF,0xFF,0xFF,0xFF,0xFF,0xFF,0xFF,0xFF,0xFF,0xFF,0xFF,0x2B,0x00,
  0x00,0x00,0x00,0x00,0x00,0x00,0x23,0xFF,0xFB,0x00,0x00,0x00,0x40,0xFF,0xFF,0xFF,
  0x54,0x00,0x00,0x00,0x00,0x00,0x00,0x00,0x23,0xFF,0xFB,0x00,0x00,0x00,0x08,0xFF,
  0xFF,0xFF,0x63,0x00,0x00,0x00,0x00,0x00,0x00,0x00,0x23,0xFF,0xFB,0x00,0x00,0x00,
  0x44,0xFF,0xFF,0xFF,0x5D,0x69,0xFF,0xFF,0xFF,0xFF,0xFF,0xFF,0xFF,0xFF,0xFF,0xFF,
  0xFF,0xFF,0xFF,0xFF,0xFF,0xFF,0x3C,0x83,0xFF,0xFF,0xFF,0xFF,0xFF,0xFF,0xFF,0xFF,
  0xFF,0xFF,0xFF,0xFF,0xFF,0xFF,0xFF,0xDB,0x06,0x77,0xFF,0xFF,0xFF,0xFF,0xFF,0xFF,
  0xFF,0xFF,0xFF,0xFF,0xFF,0xFF,0xFF,0xFD,0xC2,0x2B,0x00,0x05,0x23,0x23,0x23,0x23,
  0x23,0x23,0x42,0xFF,0xFC,0x23,0x23,0x23,0x21,0x06,0x00,0x00,0x00,0x00,0x00,0x00,
  0x00,0x00,0x00,0x00,0x23,0xFF,0xFB,0x00,0x00,0x00,0x00,0x00,0x00,0x00,0x00,0x00,
  0x00,0x00,0x00,0x00,0x00,0x00,0x03,0x62,0x54,0x00,0x00,0x00,0x00,0x00,0x00,0x00,
  0x00,0x00,0x49,0xC7,0xED,0xFF,0xFF,0xFF,0xF4,0xD5,0x70,0x01,0x00,0x00,0x00,0x00,
  0x00,0x00,0x2F,0xE8,0xFD,0x37,0x00,0x00,0x00,0x00,0x24,0xFA,0xFF,0xF8,0xE4,0xE3,
  0xE3,0xF1,0xFF,0xFF,0x5E,0x00,0x00,0x00,0x00,0x00,0x12,0xDE,0xFF,0x7B,0x00,0x00,
  0x00,0x00,0x00,0x72,0xFF,0xCE,0x0A,0x00,0x00,0x00,0x01,0x97,0xFF,0xB0,0x00,0x00,
  0x00,0x00,0x02,0xBA,0xFF,0xAF,0x01,0x00,0x00,0x00,0x00,0x00,0x8D,0xFF,0x8F,0x00,
  0x00,0x00,0x00,0x00,0x50,0xFF,0xCD,0x00,0x00,0x00,0x00,0x88,0xFF,0xD7,0x0E,0x00,
  0x00,0x00,0x00,0x00,0x00,0x93,0xFF,0x87,0x00,0x00,0x00,0x00,0x00,0x47,0xFF,0xD3,
  0x00,0x00,0x00,0x53,0xFF,0xF2,0x28,0x00,0x00,0x00,0x00,0x00,0x00,0x00,0x93,0xFF,
  0x87,0x00,0x00,0x00,0x00,0x00,0x47,0xFF,0xD3,0x00,0x00,0x2B,0xF3,0xFE,0x50,0x00,
  0x00,0x00,0x00,0x00,0x00,0x00,0x00,0x86,0xFF,0x91,0x00,0x00,0x00,0x00,0x00,0x51,
  0xFF,0xC5,0x00,0x0F,0xDA,0xFF,0x84,0x00,0x00,0x00,0x00,0x00,0x00,0x00,0x00,0x00,
  0x63,0xFF,0xD8,0x1D,0x00,0x00,0x00,0x0E,0xA8,0xFF,0xA2,0x01,0xB3,0xFF,0xB7,0x02,
  0x00,0x00,0x00,0x00,0x00,0x00,0x00,0x00,0x00,0x0A,0xDF,0xFF,0xFF,0xFF,0xFF,0xFF,
  0xFF,0xFF,0xF8,0x30,0x80,0xFF,0xDD,0x11,0x3F,0xC0,0xEA,0xFF,0xFF,0xFF,0xF8,0xDD,
  0x8A,0x0B,0x00,0x0D,0x70,0x96,0xA7,0xA7,0xA7,0x9D,0x7E,0x20,0x4D,0xFE,0xF5,0x2E,
  0x19,0xF2,0xFF,0xCE,0xA9,0xA7,0xA7,0xB1,0xF1,0xFF,0x8E,0x00,0x00,0x00,0x00,0x00,
  0x00,0x00,0x00,0x00,0x26,0xF0,0xFF,0x58,0x00,0x57,0xFF,0xCE,0x00,0x00,0x00,0x00,
  0x00,0x4A,0xFF,0xD9,0x00,0x00,0x00,0x00,0x00,0x00,0x00,0x00,0x0C,0xD5,0xFF,0x8C,
  0x00,0x00,0x71,0xFF,0xA9,0x00,0x00,0x00,0x00,0x00,0x26,0xFF,0xF5,0x00,0x00,0x00,
  0x00,0x00,0x00,0x00,0x00,0xAD,0xFF,0xBE,0x03,0x00,0x00,0x73,0xFF,0xA7,0x00,0x00,
  0x00,0x00,0x00,0x23,0xFF,0xF7,0x00,0x00,0x00,0x00,0x00,0x00,0x00,0x79,0xFF,0xE1,
  0x15,0x00,0x00,0x00,0x71,0xFF,0xAD,0x00,0x00,0x00,0x00,0x00,0x29,0xFF,0xF5,0x00,
  0x00,0x00,0x00,0x00,0x00,0x47,0xFD,0xF7,0x34,0x00,0x00,0x00,0x00,0x57,0xFF,0xE0,
  0x10,0x00,0x00,0x00,0x00,0x6C,0xFF,0xD9,0x00,0x00,0x00,0x00,0x00,0x22,0xEE,0xFF,
  0x61,0x00,0x00,0x00,0x00,0x00,0x19,0xF3,0xFF,0xF9,0xE5,0xE3,0xE3,0xEC,0xFF,0xFF,
  0x8F,0x00,0x00,0x00,0x00,0x00,0xC9,0xFC,0x8B,0x00,0x00,0x00,0x00,0x00,0x00,0x00,
  0x40,0xC2,0xEC,0xFF,0xFF,0xFF,0xF8,0xDE,0x8C,0x0C,0x00,0x00,0x00,0x0F,0xAF,0xF5,
  0xFF,0xFF,0xFF,0xFF,0xFF,0xFC,0xD7,0x4B,0x00,0x00,0x00,0x00,0x00,0x00,0x00,0x00,
  0x00,0x00,0x7C,0xFF,0xFF,0xFF,0xFF,0xFF,0xFF,0xFF,0xFF,0xFF,0xF1,0x06,0x00,0x00,
  0x00,0x00,0x00,0x00,0x00,0x00,0x00,0xAD,0xFF,0xFF,0xFF,0xFF,0xFF,0xFF,0xFF,0xFF,
  0xFF,0xFF,0x24,0x00,0x00,0x00,0x00,0x00,0x00,0x00,0x00,0x00,0xB7,0xFF,0xFF,0xD6,
  0x1D,0x13,0x13,0x57,0xFF,0xFF,0xFF,0x27,0x00,0x00,0x00,0x00,0x00,0x00,0x00,0x00,
  0x00,0xA9,0xFF,0xFF,0xC4,0x00,0x00,0x00,0x2F,0xFF,0xFF,0xFF,0x21,0x00,0x00,0x00,
  0x00,0x00,0x00,0x00,0x00,0x00,0x77,0xFF,0xFF,0xFE,0x65,0x00,0x0B,0xA2,0xFF,0xFF,
  0xFD,0x0C,0x00,0x00,0x00,0x00,0x00,0x00,0x00,0x00,0x00,0x0D,0xD7,0xFF,0xFF,0xFF,
  0xAB,0xEC,0xFF,0xFF,0xFF,0xB4,0x00,0x00,0x00,0x00,0x00,0x00,0x00,0x00,0x00,0x00,
  0x00,0x22,0xE0,0xFF,0xFF,0xFF,0xFF,0xFF,0xFF,0xBF,0x16,0x00,0x1A,0xA8,0xBF,0xBF,
  0x95,0x00,0x00,0x00,0x00,0x0C,0x7A,0xEE,0xFF,0xFF,0xFF,0xFF,0xFD,0x5C,0x00,0x00,
  0x0B,0xCE,0xFF,0xFF,0xFE,0x52,0x00,0x00,0x00,0x53,0xEA,0xFF,0xFF,0xFF,0xFF,0xFF,
  0xFF,0xFF,0xC7,0x13,0x03,0xB3,0xFF,0xFF,0xFF,0x75,0x00,0x00,0x00,0x44,0xFD,0xFF,
  0xFF,0xFF,0xD6,0x5B,0xB7,0xFF,0xFF,0xFF,0xD7,0xA0,0xFF,0xFF,0xFF,0x9A,0x00,0x00,
  0x00,0x00,0xBE,0xFF,0xFF,0xFB,0x6B,0x02,0x00,0x05,0xA8,0xFF,0xFF,0xFF,0xFF,0xFF,
  0xFF,0xBB,0x04,0x00,0x00,0x00,0x00,0xF2,0xFF,0xFF,0xAA,0x00,0x00,0x00,0x00,0x02,
  0x97,0xFF,0xFF,0xFF,0xFF,0xDA,0x0F,0x00,0x00,0x00,0x00,0x03,0xFF,0xFF,0xFF,0x8A,
  0x00,0x00,0x00,0x00,0x00,0x3A,0xFC,0xFF,0xFF,0xFF,0xF6,0x4D,0x00,0x00,0x00,0x00,
  0x02,0xFE,0xFF,0xFF,0xCD,0x2F,0x1B,0x1B,0x2C,0x68,0xF4,0xFF,0xFF,0xFF,0xFF,0xFF,
  0xFC,0x61,0x00,0x00,0x00,0x00,0xE3,0xFF,0xFF,0xFF,0xFF,0xFF,0xFF,0xFF,0xFF,0xFF,
  0xFF,0xFF,0x9C,0xFB,0xFF,0xFF,0xFF,0x78,0x00,0x00,0x00,0x92,0xFF,0xFF,0xFF,0xFF,
  0xFF,0xFF,0xFF,0xFF,0xFF,0xFF,0x79,0x00,0x4E,0xF8,0xFF,0xFF,0xFF,0x90,0x01,0x00,
  0x0C,0x98,0xE6,0xFF,0xFF,0xFF,0xFF,0xFF,0xF3,0xCB,0x58,0x00,0x00,0x00,0x41,0xE3,
  0xFF,0xFF,0xFF,0x6D,0x6A,0xFF,0xFF,0xE9,0x00,0x68,0xFF,0xFF,0xE7,0x00,0x52,0xFF,
  0xFF,0xD1,0x00,0x3C,0xFF,0xFF,0xBB,0x00,0x25,0xFF,0xFF,0xA4,0x00,0x0F,0xFF,0xFF,
  0x8E,0x00,0x00,0xF7,0xFF,0x77,0x00,0x00,0x4B,0x63,0x19,0x00,0x00,0x00,0x00,0x00,
  0x14,0x33,0x2D,0x00,0x00,0x2B,0xBE,0xFE,0xFF,0xE3,0x00,0x28,0xEF,0xFF,0xFF,0xFF,
  0xD8,0x00,0xB8,0xFF,0xFD,0x71,0x1D,0x00,0x22,0xFF,0xFF,0x72,0x00,0x00,0x00,0x68,
  0xFF,0xF6,0x09,0x00,0x00,0x00,0x94,0xFF,0xC1,0x00,0x00,0x00,0x00,0xB4,0xFF,0x9E,
  0x00,0x00,0x00,0x00,0xC2,0xFF,0x8B,0x00,0x00,0x00,0x00,0xCC,0xFF,0x83,0x00,0x00,
  0x00,0x00,0xCF,0xFF,0x7F,0x00,0x00,0x00,0x00,0xCF,0xFF,0x7F,0x00,0x00,0x00,0x00,
  0xCF,0xFF,0x7F,0x00,0x00,0x00,0x00,0xCF,0xFF,0x7F,0x00,0x00,0x00,0x00,0xCF,0xFF,
  0x7F,0x00,0x00,0x00,0x00,0xCF,0xFF,0x7F,0x00,0x00,0x00,0x00,0xCF,0xFF,0x7F,0x00,
  0x00,0x00,0x00,0xCF,0xFF,0x80,0x00,0x00,0x00,0x00,0xCA,0xFF,0x84,0x00,0x00,0x00,
  0x00,0xC0,0xFF,0x8E,0x00,0x00,0x00,0x00,0xAE,0xFF,0xA6,0x00,0x00,0x00,0x00,0x8B,
  0xFF,0xCF,0x00,0x00,0x00,0x00,0x58,0xFF,0xFD,0x18,0x00,0x00,0x00,0x13,0xFA,0xFF,
  0xA3,0x01,0x00,0x00,0x00,0x98,0xFF,0xFF,0xB2,0x60,0x30,0x00,0x0E,0xD1,0xFF,0xFF,
  0xFF,0xE3,0x00,0x00,0x0A,0x7E,0xD3,0xF4,0xD8,0x00,0x36,0x30,0x0F,0x00,0x00,0x00,
  0x00,0x03,0xFF,0xFF,0xFB,0xAE,0x1D,0x00,0x00,0x02,0xF5,0xFF,0xFF,0xFF,0xE0,0x17,
  0x00,0x00,0x00,0x24,0x88,0xFF,0xFF,0x98,0x00,0x00,0x00,0x00,0x00,0x93,0xFF,0xF7,
  0x09,0x00,0x00,0x00,0x00,0x21,0xFF,0xFF,0x47,0x00,0x00,0x00,0x00,0x00,0xE3,0xFF,
  0x72,0x00,0x00,0x00,0x00,0x00,0xC0,0xFF,0x93,0x00,0x00,0x00,0x00,0x00,0xAC,0xFF,
  0xA1,0x00,0x00,0x00,0x00,0x00,0xA3,0xFF,0xAC,0x00,0x00,0x00,0x00,0x00,0x9F,0xFF,
  0xAF,0x00,0x00,0x00,0x00,0x00,0x9F,0xFF,0xAF,0x00,0x00,0x00,0x00,0x00,0x9F,0xFF,
  0xAF,0x00,0x00,0x00,0x00,0x00,0x9F,0xFF,0xAF,0x00,0x00,0x00,0x00,0x00,0x9F,0xFF,
  0xAF,0x00,0x00,0x00,0x00,0x00,0x9F,0xFF,0xAF,0x00,0x00,0x00,0x00,0x00,0x9F,0xFF,
  0xAF,0x00,0x00,0x00,0x00,0x00,0xA0,0xFF,0xAF,0x00,0x00,0x00,0x00,0x00,0xA6,0xFF,
  0xA8,0x00,0x00,0x00,0x00,0x00,0xAF,0xFF,0x9E,0x00,0x00,0x00,0x00,0x00,0xC8,0xFF,
  0x8C,0x00,0x00,0x00,0x00,0x01,0xEE,0xFF,0x69,0x00,0x00,0x00,0x00,0x38,0xFF,0xFF,
  0x36,0x00,0x00,0x00,0x07,0xBE,0xFF,0xE8,0x02,0x00,0x3A,0x67,0xC3,0xFF,0xFF,0x76,
  0x00,0x03,0xFF,0xFF,0xFF,0xFF,0xB8,0x04,0x00,0x02,0xF4,0xF1,0xCB,0x6E,0x03,0x00,
  0x00,0x00,0x00,0x00,0x00,0x00,0x0D,0xFA,0xF9,0x0D,0x00,0x00,0x00,0x00,0x00,0x00,
  0x00,0x00,0x00,0x00,0x06,0xFF,0xFF,0x06,0x00,0x00,0x00,0x00,0x00,0x00,0x00,0x00,
  0x00,0x00,0x00,0xF6,0xF5,0x00,0x00,0x00,0x00,0x00,0x00,0x05,0x4E,0x0A,0x00,0x00,
  0x00,0xE7,0xE5,0x00,0x00,0x00,0x0A,0x4F,0x06,0x4B,0xFF,0xF1,0x97,0x33,0x00,0xD7,
  0xD6,0x00,0x35,0x99,0xF2,0xFF,0x48,0x4F,0xE1,0xFF,0xFF,0xFF,0xCF,0xE9,0xEA,0xD2,
  0xFF,0xFF,0xFF,0xD9,0x50,0x00,0x00,0x23,0x65,0xA7,0xE9,0xFF,0xFF,0xE4,0x9F,0x5D,
  0x1B,0x00,0x00,0x00,0x00,0x00,0x00,0x03,0xB6,0xFE,0xFD,0xBB,0x04,0x00,0x00,0x00,
  0x00,0x00,0x00,0x00,0x00,0x8F,0xFF,0x97,0x92,0xFF,0x95,0x00,0x00,0x00,0x00,0x00,
  0x00,0x00,0x65,0xFF,0xE2,0x0D,0x0C,0xE1,0xFF,0x6B,0x00,0x00,0x00,0x00,0x00,0x40,
  0xFA,0xFF,0x48,0x00,0x00,0x48,0xFF,0xFC,0x44,0x00,0x00,0x00,0x00,0x51,0xF4,0x9F,
  0x00,0x00,0x00,0x00,0xA3,0xF1,0x4F,0x00,0x00,0x00,0x00,0x00,0x1F,0x0A,0x00,0x00,
  0x00,0x00,0x0F,0x1D,0x00,0x00,0x00,0x00,0x00,0x00,0x00,0x00,0x55,0x87,0x2B,0x00,
  0x00,0x00,0x00,0x00,0x00,0x00,0x00,0x00,0x00,0xCF,0xFF,0x7F,0x00,0x00,0x00,0x00,
  0x00,0x00,0x00,0x00,0x00,0x00,0xCF,0xFF,0x7F,0x00,0x00,0x00,0x00,0x00,0x00,0x00,
  0x00,0x00,0x00,0xCF,0xFF,0x7F,0x00,0x00,0x00,0x00,0x00,0x00,0x00,0x00,0x00,0x00,
  0xCF,0xFF,0x7F,0x00,0x00,0x00,0x00,0x00,0x2F,0x43,0x43,0x43,0x43,0xDC,0xFF,0xA1,
  0x43,0x43,0x43,0x43,0x1B,0xF8,0xFF,0xFF,0xFF,0xFF,0xFF,0xFF,0xFF,0xFF,0xFF,0xFF,
  0xFF,0xB0,0xE5,0xFF,0xFF,0xFF,0xFF,0xFF,0xFF,0xFF,0xFF,0xFF,0xFF,0xFF,0x9C,0x00,
  0x00,0x00,0x00,0x00,0xCF,0xFF,0x7F,0x00,0x00,0x00,0x00,0x00,0x00,0x00,0x00,0x00,
  0x00,0xCF,0xFF,0x7F,0x00,0x00,0x00,0x00,0x00,0x00,0x00,0x00,0x00,0x00,0xCF,0xFF,
  0x7F,0x00,0x00,0x00,0x00,0x00,0x00,0x00,0x00,0x00,0x00,0xCF,0xFF,0x7F,0x00,0x00,
  0x00,0x00,0x00,0x00,0x00,0x00,0x00,0x00,0xB9,0xFF,0x69,0x00,0x00,0x00,0x00,0x00,
  0x1A,0x57,0x57,0x41,0x7A,0xFF,0xFF,0xEA,0x7B,0xFF,0xFF,0xEB,0x6A,0xFF,0xFF,0xDD,
  0x00,0xA4,0xFF,0xAD,0x00,0xD5,0xFF,0x66,0x09,0xFC,0xFF,0x1F,0x26,0xFD,0xC9,0x00,
  0x2A,0x8B,0x8B,0x8B,0x8B,0x8B,0x8B,0x8B,0x3E,0x77,0xFF,0xFF,0xFF,0xFF,0xFF,0xFF,
  0xFF,0x9B,0x61,0xFF,0xFF,0xFF,0xFF,0xFF,0xFF,0xFF,0x85,0x17,0x4F,0x4F,0x3A,0x7A,
  0xFF,0xFF,0xEA,0x7B,0xFF,0xFF,0xEB,0x6A,0xFF,0xFF,0xDA,0x00,0x00,0x00,0x00,0x00,
  0x00,0x00,0xA2,0xFF,0xB0,0x00,0x00,0x00,0x00,0x00,0x00,0x0D,0xF8,0xFF,0x69,0x00,
  0x00,0x00,0x00,0x00,0x00,0x58,0xFF,0xFD,0x19,0x00,0x00,0x00,0x00,0x00,0x00,0xAC,
  0xFF,0xC3,0x00,0x00,0x00,0x00,0x00,0x00,0x09,0xF5,0xFF,0x70,0x00,0x00,0x00,0x00,
  0x00,0x00,0x52,0xFF,0xFF,0x1E,0x00,0x00,0x00,0x00,0x00,0x00,0xA5,0xFF,0xCA,0x00,
  0x00,0x00,0x00,0x00,0x00,0x06,0xF1,0xFF,0x77,0x00,0x00,0x00,0x00,0x00,0x00,0x4B,
  0xFF,0xFF,0x25,0x00,0x00,0x00,0x00,0x00,0x00,0x9E,0xFF,0xD1,0x00,0x00,0x00,0x00,
  0x00,0x00,0x04,0xEC,0xFF,0x7E,0x00,0x00,0x00,0x00,0x00,0x00,0x44,0xFF,0xFF,0x2B,
  0x00,0x00,0x00,0x00,0x00,0x00,0x97,0xFF,0xD8,0x00,0x00,0x00,0x00,0x00,0x00,0x02,
  0xE7,0xFF,0x85,0x00,0x00,0x00,0x00,0x00,0x00,0x3D,0xFF,0xFF,0x32,0x00,0x00,0x00,
  0x00,0x00,0x00,0x90,0xFF,0xDF,0x00,0x00,0x00,0x00,0x00,0x00,0x00,0xE2,0xFF,0x8C,
  0x00,0x00,0x00,0x00,0x00,0x00,0x36,0xFF,0xFF,0x39,0x00,0x00,0x00,0x00,0x00,0x00,
  0x89,0xFF,0xE5,0x01,0x00,0x00,0x00,0x00,0x00,0x00,0xDC,0xFF,0x93,0x00,0x00,0x00,
  0x00,0x00,0x00,0x2F,0xFF,0xFF,0x3F,0x00,0x00,0x00,0x00,0x00,0x00,0x82,0xFF,0xE9,
  0x03,0x00,0x00,0x00,0x00,0x00,0x00,0xC8,0xFF,0x8A,0x00,0x00,0x00,0x00,0x00,0x00,
  0x00,0x00,0x00,0x02,0x5C,0xBB,0xE5,0xF6,0xFF,0xFF,0xFF,0xFF,0xFF,0xFF,0xF3,0xDF,
  0xAF,0x40,0x00,0x00,0x00,0x00,0x1B,0xD1,0xFF,0xFF,0xFF,0xFF,0xFF,0xFF,0xFF,0xFF,
  0xFF,0xFF,0xFF,0xFF,0xFF,0xFF,0xB3,0x05,0x00,0x00,0xA7,0xFF,0xFF,0xFF,0xFF,0xFF,
  0xFF,0xFF,0xFF,0xFF,0xFF,0xFF,0xFF,0xFF,0xFF,0xFF,0xFF,0x71,0x00,0x2F,0xFF,0xFF,
  0xFF,0xF4,0x85,0x55,0x44,0x43,0x43,0x43,0x43,0x45,0x5B,0x9E,0xFD,0xFF,0xFF,0xF1,
  0x08,0x6D,0xFF,0xFF,0xFF,0x63,0x00,0x00,0x00,0x00,0x00,0x00,0x00,0x00,0x00,0x00,
  0x9B,0xFF,0xFF,0xFF,0x37,0x87,0xFF,0xFF,0xFF,0x1B,0x00,0x00,0x00,0x00,0x00,0x00,
  0x00,0x00,0x00,0x00,0x52,0xFF,0xFF,0xFF,0x52,0x92,0xFF,0xFF,0xFF,0x08,0x00,0x00,
  0x00,0x00,0x00,0x00,0x00,0x00,0x00,0x00,0x3C,0xFF,0xFF,0xFF,0x5E,0x93,0xFF,0xFF,
  0xFF,0x03,0x00,0x00,0x00,0x00,0x00,0x00,0x00,0x00,0x00,0x00,0x37,0xFF,0xFF,0xFF,
  0x5F,0x93,0xFF,0xFF,0xFF,0x03,0x00,0x00,0x00,0x00,0x00,0x00,0x00,0x00,0x00,0x00,
  0x37,0xFF,0xFF,0xFF,0x5F,0x93,0xFF,0xFF,0xFF,0x03,0x00,0x00,0x00,0x00,0x00,0x00,
  0x00,0x00,0x00,0x00,0x37,0xFF,0xFF,0xFF,0x5F,0x92,0xFF,0xFF,0xFF,0x08,0x00,0x00,
  0x00,0x00,0x00,0x00,0x00,0x00,0x00,0x00,0x3C,0xFF,0xFF,0xFF,0x5E,0x87,0xFF,0xFF,
  0xFF,0x1B,0x00,0x00,0x00,0x00,0x00,0x00,0x00,0x00,0x00,0x00,0x51,0xFF,0xFF,0xFF,
  0x52,0x6D,0xFF,0xFF,0xFF,0x63,0x00,0x00,0x00,0x00,0x00,0x00,0x00,0x00,0x00,0x00,
  0x9A,0xFF,0xFF,0xFF,0x37,0x30,0xFF,0xFF,0xFF,0xF3,0x83,0x53,0x44,0x43,0x43,0x43,
  0x43,0x45,0x59,0x9C,0xFD,0xFF,0xFF,0xF1,0x08,0x00,0xA7,0xFF,0xFF,0xFF,0xFF,0xFF,
  0xFF,0xFF,0xFF,0xFF,0xFF,0xFF,0xFF,0xFF,0xFF,0xFF,0xFF,0x71,0x00,0x00,0x1C,0xD1,
  0xFF,0xFF,0xFF,0xFF,0xFF,0xFF,0xFF,0xFF,0xFF,0xFF,0xFF,0xFF,0xFF,0xFF,0xB4,0x05,
  0x00,0x00,0x00,0x02,0x5D,0xBD,0xE8,0xF8,0xFF,0xFF,0xFF,0xFF,0xFF,0xFF,0xF5,0xE1,
  0xB1,0x41,0x00,0x00,0x00,0x62,0xFF,0xFF,0xFF,0xF7,0xBF,0x13,0x73,0xFF,0xFF,0xFF,
  0xFF,0xFF,0x71,0x71,0xFF,0xFF,0xFF,0xFF,0xFF,0x87,0x10,0x43,0x62,0xFF,0xFF,0xFF,
  0x87,0x00,0x00,0x13,0xFF,0xFF,0xFF,0x87,0x00,0x00,0x13,0xFF,0xFF,0xFF,0x87,0x00,
  0x00,0x13,0xFF,0xFF,0xFF,0x87,0x00,0x00,0x13,0xFF,0xFF,0xFF,0x87,0x00,0x00,0x13,
  0xFF,0xFF,0xFF,0x87,0x00,0x00,0x13,0xFF,0xFF,0xFF,0x87,0x00,0x00,0x13,0xFF,0xFF,
  0xFF,0x87,0x00,0x00,0x13,0xFF,0xFF,0xFF,0x87,0x00,0x00,0x13,0xFF,0xFF,0xFF,0x87,
  0x00,0x00,0x13,0xFF,0xFF,0xFF,0x87,0x00,0x00,0x13,0xFF,0xFF,0xFF,0x87,0x00,0x00,
  0x13,0xFF,0xFF,0xFF,0x87,0x00,0x00,0x0B,0xF6,0xFF,0xFF,0x75,0x09,0xF4,0xFF,0xFF,
  0xFF,0xFF,0xFF,0xFF,0xFF,0xFF,0xFF,0xFF,0xFF,0xFF,0xF3,0xCD,0x72,0x05,0x00,0x0F,
  0xFF,0xFF,0xFF,0xFF,0xFF,0xFF,0xFF,0xFF,0xFF,0xFF,0xFF,0xFF,0xFF,0xFF,0xFF,0xFF,
  0xA2,0x00,0x0D,0xFF,0xFF,0xFF,0xFF,0xFF,0xFF,0xFF,0xFF,0xFF,0xFF,0xFF,0xFF,0xFF,
  0xFF,0xFF,0xFF,0xFF,0x2B,0x00,0x38,0x43,0x43,0x43,0x43,0x43,0x43,0x43,0x43,0x43,
  0x43,0x43,0x4D,0xBC,0xFF,0xFF,0xFF,0x5B,0x00,0x00,0x00,0x00,0x00,0x00,0x00,0x00,
  0x00,0x00,0x00,0x00,0x00,0x00,0x3B,0xFF,0xFF,0xFF,0x6F,0x00,0x00,0x00,0x00,0x00,
  0x00,0x00,0x00,0x00,0x00,0x00,0x00,0x00,0x00,0x2F,0xFF,0xFF,0xFF,0x6E,0x00,0x00,
  0x00,0x00,0x00,0x00,0x00,0x00,0x00,0x00,0x00,0x00,0x00,0x08,0x8C,0xFF,0xFF,0xFF,
  0x50,0x00,0x0B,0x8B,0xD5,0xFA,0xFF,0xFF,0xFF,0xFF,0xFF,0xFF,0xFF,0xFF,0xFF,0xFF,
  0xFF,0xFF,0xFD,0x21,0x02,0xC9,0xFF,0xFF,0xFF,0xFF,0xFF,0xFF,0xFF,0xFF,0xFF,0xFF,
  0xFF,0xFF,0xFF,0xFF,0xFF,0x95,0x00,0x56,0xFF,0xFF,0xFF,0xFF,0xFF,0xFF,0xFF,0xFF,
  0xFF,0xFF,0xFF,0xFF,0xFF,0xFD,0xDB,0x76,0x03,0x00,0x89,0xFF,0xFF,0xFF,0x64,0x11,
  0x0F,0x0F,0x0F,0x0F,0x0F,0x0F,0x0F,0x0F,0x06,0x00,0x00,0x00,0x00,0xA6,0xFF,0xFF,
  0xF5,0x01,0x00,0x00,0x00,0x00,0x00,0x00,0x00,0x00,0x00,0x00,0x00,0x00,0x00,0x00,
  0xA7,0xFF,0xFF,0xEF,0x00,0x00,0x00,0x00,0x00,0x00,0x00,0x00,0x00,0x00,0x00,0x00,
  0x00,0x00,0x00,0xA7,0xFF,0xFF,0xFA,0x4D,0x43,0x43,0x43,0x43,0x43,0x43,0x43,0x43,
  0x43,0x43,0x43,0x43,0x43,0x0D,0xA7,0xFF,0xFF,0xFF,0xFF,0xFF,0xFF,0xFF,0xFF,0xFF,
  0xFF,0xFF,0xFF,0xFF,0xFF,0xFF,0xFF,0xFF,0x68,0x95,0xFF,0xFF,0xFF,0xFF,0xFF,0xFF,
  0xFF,0xFF,0xFF,0xFF,0xFF,0xFF,0xFF,0xFF,0xFF,0xFF,0xFF,0x6B,0x2A,0xD1,0xFB,0xFF,
  0xFF,0xFF,0xFF,0xFF,0xFF,0xFF,0xFF,0xFF,0xFF,0xFF,0xFF,0xFF,0xFF,0xFF,0x5A,0xBB,
  0xFF,0xFF,0xFF,0xFF,0xFF,0xFF,0xFF,0xFF,0xFF,0xFF,0xFF,0xFF,0xF4,0xD7,0x9C,0x20,
  0x00,0xCB,0xFF,0xFF,0xFF,0xFF,0xFF,0xFF,0xFF,0xFF,0xFF,0xFF,0xFF,0xFF,0xFF,0xFF,
  0xFF,0xE9,0x12,0xC8,0xFF,0xFF,0xFF,0xFF,0xFF,0xFF,0xFF,0xFF,0xFF,0xFF,0xFF,0xFF,
  0xFF,0xFF,0xFF,0xFF,0x7B,0x27,0x43,0x43,0x43,0x43,0x43,0x43,0x43,0x43,0x43,0x43,
  0x43,0x48,0x8B,0xFF,0xFF,0xFF,0xA2,0x00,0x00,0x00,0x00,0x00,0x00,0x00,0x00,0x00,
  0x00,0x00,0x00,0x00,0x03,0xEB,0xFF,0xFF,0xB7,0x00,0x00,0x00,0x00,0x00,0x00,0x00,
  0x00,0x00,0x00,0x00,0x00,0x00,0x00,0xD6,0xFF,0xFF,0xA9,0x00,0x00,0x00,0x00,0x00,
  0x00,0x00,0x00,0x00,0x00,0x00,0x00,0x05,0x41,0xFF,0xFF,0xFF,0x78,0x96,0xFF,0xFF,
  0xFF,0xFF,0xFF,0xFF,0xFF,0xFF,0xFF,0xFF,0xFF,0xFF,0xFF,0xFF,0xFF,0xE6,0x1A,0xA7,
  0xFF,0xFF,0xFF,0xFF,0xFF,0xFF,0xFF,0xFF,0xFF,0xFF,0xFF,0xFF,0xFF,0xFF,0xFF,0x88,
  0x00,0x9D,0xFF,0xFF,0xFF,0xFF,0xFF,0xFF,0xFF,0xFF,0xFF,0xFF,0xFF,0xFF,0xFF,0xFF,
  0xFF,0xFD,0x4C,0x03,0x0F,0x0F,0x0F,0x0F,0x0F,0x0F,0x0F,0x0F,0x0F,0x0F,0x0F,0x16,
  0x49,0xF6,0xFF,0xFF,0xA3,0x00,0x00,0x00,0x00,0x00,0x00,0x00,0x00,0x00,0x00,0x00,
  0x00,0x00,0x00,0xCB,0xFF,0xFF,0xD2,0x00,0x00,0x00,0x00,0x00,0x00,0x00,0x00,0x00,
  0x00,0x00,0x00,0x00,0x00,0xE1,0xFF,0xFF,0xD7,0x26,0x43,0x43,0x43,0x43,0x43,0x43,
  0x43,0x43,0x43,0x43,0x43,0x47,0x82,0xFF,0xFF,0xFF,0xC1,0xC8,0xFF,0xFF,0xFF,0xFF,
  0xFF,0xFF,0xFF,0xFF,0xFF,0xFF,0xFF,0xFF,0xFF,0xFF,0xFF,0xFF,0x97,0xCB,0xFF,0xFF,
  0xFF,0xFF,0xFF,0xFF,0xFF,0xFF,0xFF,0xFF,0xFF,0xFF,0xFF,0xFF,0xFF,0xF7,0x22,0xBA,
  0xFF,0xFF,0xFF,0xFF,0xFF,0xFF,0xFF,0xFF,0xFF,0xFF,0xFF,0xFF,0xFD,0xE0,0xAF,0x2B,
  0x00,0x00,0x00,0x00,0x00,0x00,0x00,0x00,0x00,0x00,0x00,0x00,0x00,0x54,0xCF,0xF7,
  0xFF,0xFB,0xC6,0x15,0x00,0x00,0x00,0x00,0x00,0x00,0x00,0x00,0x00,0x00,0x00,0x00,
  0x00,0x10,0xA8,0xFF,0xFF,0xFF,0xFF,0xFF,0xFF,0x73,0x00,0x00,0x00,0x00,0x00,0x00,
  0x00,0x00,0x00,0x00,0x00,0x00,0x40,0xE2,0xFF,0xFF,0xFF,0xFF,0xFF,0xFF,0xFF,0x8F,
  0x00,0x00,0x00,0x00,0x00,0x00,0x00,0x00,0x00,0x00,0x06,0x88,0xFD,0xFF,0xFF,0xFF,
  0xC9,0x46,0xFF,0xFF,0xFF,0x93,0x00,0x00,0x00,0x00,0x00,0x00,0x00,0x00,0x00,0x28,
  0xCE,0xFF,0xFF,0xFF,0xFE,0x8B,0x05,0x07,0xFF,0xFF,0xFF,0x93,0x00,0x00,0x00,0x00,
  0x00,0x00,0x00,0x00,0x69,0xF6,0xFF,0xFF,0xFF,0xEA,0x49,0x00,0x00,0x07,0xFF,0xFF,
  0xFF,0x93,0x00,0x00,0x00,0x00,0x00,0x00,0x16,0xB4,0xFF,0xFF,0xFF,0xFF,0xBE,0x1A,
  0x00,0x00,0x00,0x07,0xFF,0xFF,0xFF,0x93,0x00,0x00,0x00,0x00,0x00,0x4B,0xE9,0xFF,
  0xFF,0xFF,0xFC,0x7E,0x02,0x00,0x00,0x00,0x00,0x07,0xFF,0xFF,0xFF,0x93,0x00,0x00,
  0x00,0x00,0x74,0xFF,0xFF,0xFF,0xFF,0xE3,0x3D,0x00,0x00,0x00,0x00,0x00,0x00,0x07,
  0xFF,0xFF,0xFF,0x93,0x00,0x00,0x00,0x07,0xFB,0xFF,0xFF,0xFF,0xB2,0x13,0x00,0x00,
  0x00,0x00,0x00,0x00,0x00,0x07,0xFF,0xFF,0xFF,0x93,0x00,0x00,0x00,0x22,0xFF,0xFF,
  0xFF,0xEA,0x34,0x33,0x33,0x33,0x33,0x33,0x33,0x33,0x33,0x3A,0xFF,0xFF,0xFF,0xA9,
  0x33,0x29,0x00,0x23,0xFF,0xFF,0xFF,0xFF,0xFF,0xFF,0xFF,0xFF,0xFF,0xFF,0xFF,0xFF,
  0xFF,0xFF,0xFF,0xFF,0xFF,0xFF,0xFF,0xFF,0x0F,0x18,0xFF,0xFF,0xFF,0xFF,0xFF,0xFF,
  0xFF,0xFF,0xFF,0xFF,0xFF,0xFF,0xFF,0xFF,0xFF,0xFF,0xFF,0xFF,0xFF,0xFF,0x13,0x00,
  0x97,0xF8,0xFF,0xFF,0xFF,0xFF,0xFF,0xFF,0xFF,0xFF,0xFF,0xFF,0xFF,0xFF,0xFF,0xFF,
  0xFF,0xFF,0xFF,0xF5,0x0B,0x00,0x00,0x00,0x00,0x00,0x00,0x00,0x00,0x00,0x00,0x00,
  0x00,0x00,0x00,0x07,0xFF,0xFF,0xFF,0x93,0x00,0x00,0x00,0x00,0x00,0x00,0x00,0x00,
  0x00,0x00,0x00,0x00,0x00,0x00,0x00,0x00,0x00,0x07,0xFF,0xFF,0xFF,0x93,0x00,0x00,
  0x00,0x00,0x00,0x00,0x00,0x00,0x00,0x00,0x00,0x00,0x00,0x00,0x00,0x00,0x00,0x04,
  0xF3,0xFF,0xFF,0x83,0x00,0x00,0x00,0x28,0xCF,0xFB,0xFF,0xFF,0xFF,0xFF,0xFF,0xFF,
  0xFF,0xFF,0xFF,0xFF,0xFF,0xFF,0xFF,0xFF,0xBE,0x00,0x93,0xFF,0xFF,0xFF,0xFF,0xFF,
  0xFF,0xFF,0xFF,0xFF,0xFF,0xFF,0xFF,0xFF,0xFF,0xFF,0xFF,0xCF,0x00,0xA7,0xFF,0xFF,
  0xFF,0xFF,0xFF,0xFF,0xFF,0xFF,0xFF,0xFF,0xFF,0xFF,0xFF,0xFF,0xFF,0xFF,0xCD,0x00,
  0xA7,0xFF,0xFF,0xF3,0x4A,0x43,0x43,0x43,0x43,0x43,0x43,0x43,0x43,0x43,0x43,0x43,
  0x43,0x28,0x00,0xA7,0xFF,0xFF,0xDF,0x00,0x00,0x00,0x00,0x00,0x00,0x00,0x00,0x00,
  0x00,0x00,0x00,0x00,0x00,0x00,0xA7,0xFF,0xFF,0xDF,0x00,0x00,0x00,0x00,0x00,0x00,
  0x00,0x00,0x00,0x00,0x00,0x00,0x00,0x00,0x00,0xA7,0xFF,0xFF,0xEA,0x06,0x00,0x00,
  0x00,0x00,0x00,0x00,0x00,0x00,0x00,0x00,0x00,0x00,0x00,0x00,0xA7,0xFF,0xFF,0xFF,
  0xFF,0xFF,0xFF,0xFF,0xFF,0xFF,0xFF,0xFF,0xFF,0xFF,0xF4,0xCE,0x74,0x05,0x00,0x96,
  0xFF,0xFF,0xFF,0xFF,0xFF,0xFF,0xFF,0xFF,0xFF,0xFF,0xFF,0xFF,0xFF,0xFF,0xFF,0xFF,
  0xA2,0x00,0x2F,0xE0,0xFF,0xFF,0xFF,0xFF,0xFF,0xFF,0xFF,0xFF,0xFF,0xFF,0xFF,0xFF,
  0xFF,0xFF,0xFF,0xFF,0x29,0x00,0x00,0x0B,0x0F,0x0F,0x0F,0x0F,0x0F,0x0F,0x0F,0x0F,
  0x0F,0x0F,0x15,0x88,0xFF,0xFF,0xFF,0x57,0x00,0x00,0x00,0x00,0x00,0x00,0x00,0x00,
  0x00,0x00,0x00,0x00,0x00,0x00,0x22,0xFF,0xFF,0xFF,0x6F,0x00,0x00,0x00,0x00,0x00,
  0x00,0x00,0x00,0x00,0x00,0x00,0x00,0x00,0x00,0x2B,0xFF,0xFF,0xFF,0x6F,0x1C,0x43,
  0x43,0x43,0x43,0x43,0x43,0x43,0x43,0x43,0x43,0x43,0x43,0x49,0xAE,0xFF,0xFF,0xFF,
  0x5E,0x9D,0xFF,0xFF,0xFF,0xFF,0xFF,0xFF,0xFF,0xFF,0xFF,0xFF,0xFF,0xFF,0xFF,0xFF,
  0xFF,0xFF,0xFF,0x2F,0x9F,0xFF,0xFF,0xFF,0xFF,0xFF,0xFF,0xFF,0xFF,0xFF,0xFF,0xFF,
  0xFF,0xFF,0xFF,0xFF,0xFF,0xA9,0x00,0x8F,0xFF,0xFF,0xFF,0xFF,0xFF,0xFF,0xFF,0xFF,
  0xFF,0xFF,0xFF,0xFF,0xFF,0xF4,0xD0,0x76,0x06,0x00,0x00,0x00,0x02,0x5C,0xBB,0xE5,
  0xF6,0xFF,0xFF,0xFF,0xFF,0xFF,0xFF,0xFF,0xFF,0xFF,0xFF,0xC5,0x00,0x00,0x1B,0xD1,
  0xFF,0xFF,0xFF,0xFF,0xFF,0xFF,0xFF,0xFF,0xFF,0xFF,0xFF,0xFF,0xFF,0xFF,0xD7,0x00,
  0x00,0xA7,0xFF,0xFF,0xFF,0xFF,0xFF,0xFF,0xFF,0xFF,0xFF,0xFF,0xFF,0xFF,0xFF,0xFF,
  0xFF,0xD4,0x00,0x2F,0xFF,0xFF,0xFF,0xF2,0x81,0x54,0x44,0x43,0x43,0x43,0x43,0x43,
  0x43,0x43,0x43,0x43,0x2A,0x00,0x6D,0xFF,0xFF,0xFF,0x62,0x00,0x00,0x00,0x00,0x00,
  0x00,0x00,0x00,0x00,0x00,0x00,0x00,0x00,0x00,0x87,0xFF,0xFF,0xFF,0x1C,0x00,0x00,
  0x00,0x00,0x00,0x00,0x00,0x00,0x00,0x00,0x00,0x00,0x00,0x00,0x92,0xFF,0xFF,0xFF,
  0x09,0x00,0x00,0x00,0x00,0x00,0x00,0x00,0x00,0x00,0x00,0x00,0x00,0x00,0x00,0x93,
  0xFF,0xFF,0xFF,0xFF,0xFF,0xFF,0xFF,0xFF,0xFF,0xFF,0xFF,0xFF,0xFF,0xF6,0xD2,0x82,
  0x09,0x00,0x93,0xFF,0xFF,0xFF,0xFF,0xFF,0xFF,0xFF,0xFF,0xFF,0xFF,0xFF,0xFF,0xFF,
  0xFF,0xFF,0xFF,0xB5,0x00,0x93,0xFF,0xFF,0xFF,0xFF,0xFF,0xFF,0xFF,0xFF,0xFF,0xFF,
  0xFF,0xFF,0xFF,0xFF,0xFF,0xFF,0xFF,0x35,0x92,0xFF,0xFF,0xFF,0x08,0x03,0x03,0x03,
  0x03,0x03,0x03,0x03,0x03,0x0B,0x75,0xFF,0xFF,0xFF,0x61,0x87,0xFF,0xFF,0xFF,0x14,
  0x00,0x00,0x00,0x00,0x00,0x00,0x00,0x00,0x00,0x1E,0xFF,0xFF,0xFF,0x7A,0x6D,0xFF,
  0xFF,0xFF,0x4D,0x00,0x00,0x00,0x00,0x00,0x00,0x00,0x00,0x00,0x28,0xFF,0xFF,0xFF,
  0x7B,0x30,0xFF,0xFF,0xFF,0xE6,0x6F,0x45,0x38,0x37,0x37,0x37,0x37,0x37,0x41,0xA5,
  0xFF,0xFF,0xFF,0x68,0x00,0xA7,0xFF,0xFF,0xFF,0xFF,0xFF,0xFF,0xFF,0xFF,0xFF,0xFF,
  0xFF,0xFF,0xFF,0xFF,0xFF,0xFF,0x3E,0x00,0x1C,0xD1,0xFF,0xFF,0xFF,0xFF,0xFF,0xFF,
  0xFF,0xFF,0xFF,0xFF,0xFF,0xFF,0xFF,0xFF,0xBE,0x00,0x00,0x00,0x02,0x5D,0xBD,0xE8,
  0xF8,0xFF,0xFF,0xFF,0xFF,0xFF,0xFF,0xFF,0xF3,0xD2,0x83,0x0C,0x00,0x62,0xFF,0xFF,
  0xFF,0xFF,0xFF,0xFF,0xFF,0xFF,0xFF,0xFF,0xFF,0xFF,0xFF,0xFF,0xFF,0xFF,0xF5,0x89,
  0x00,0x73,0xFF,0xFF,0xFF,0xFF,0xFF,0xFF,0xFF,0xFF,0xFF,0xFF,0xFF,0xFF,0xFF,0xFF,
  0xFF,0xFF,0xFF,0xFB,0x09,0x6E,0xFF,0xFF,0xFF,0xFF,0xFF,0xFF,0xFF,0xFF,0xFF,0xFF,
  0xFF,0xFF,0xFF,0xFF,0xFF,0xFF,0xFF,0xFF,0x0F,0x07,0x2B,0x2B,0x2B,0x2B,0x2B,0x2B,
  0x2B,0x2B,0x2B,0x2B,0x2B,0x2B,0x2B,0x48,0xFF,0xFF,0xFF,0xFB,0x05,0x00,0x00,0x00,
  0x00,0x00,0x00,0x00,0x00,0x00,0x00,0x00,0x00,0x00,0x07,0xBD,0xFF,0xFF,0xFF,0xBB,
  0x00,0x00,0x00,0x00,0x00,0x00,0x00,0x00,0x00,0x00,0x00,0x00,0x00,0x03,0xAD,0xFF,
  0xFF,0xFF,0xE9,0x1F,0x00,0x00,0x00,0x00,0x00,0x00,0x00,0x00,0x00,0x00,0x00,0x00,
  0x00,0x9C,0xFF,0xFF,0xFF,0xF1,0x31,0x00,0x00,0x00,0x00,0x00,0x00,0x00,0x00,0x00,
  0x00,0x00,0x00,0x00,0x8A,0xFF,0xFF,0xFF,0xF7,0x3F,0x00,0x00,0x00,0x00,0x00,0x00,
  0x00,0x00,0x00,0x00,0x00,0x00,0x00,0x77,0xFF,0xFF,0xFF,0xFC,0x4F,0x00,0x00,0x00,
  0x00,0x00,0x00,0x00,0x00,0x00,0x00,0x00,0x00,0x00,0x64,0xFF,0xFF,0xFF,0xFF,0x61,
  0x00,0x00,0x00,0x00,0x00,0x00,0x00,0x00,0x00,0x00,0x00,0x00,0x00,0x53,0xFD,0xFF,
  0xFF,0xFF,0x75,0x00,0x00,0x00,0x00,0x00,0x00,0x00,0x00,0x00,0x00,0x00,0x00,0x00,
  0x44,0xF9,0xFF,0xFF,0xFF,0x8A,0x00,0x00,0x00,0x00,0x00,0x00,0x00,0x00,0x00,0x00,
  0x00,0x00,0x00,0x36,0xF3,0xFF,0xFF,0xFF,0x9F,0x00,0x00,0x00,0x00,0x00,0x00,0x00,
  0x00,0x00,0x00,0x00,0x00,0x00,0x2A,0xEC,0xFF,0xFF,0xFF,0xB1,0x03,0x00,0x00,0x00,
  0x00,0x00,0x00,0x00,0x00,0x00,0x00,0x00,0x00,0x1F,0xE4,0xFF,0xFF,0xFF,0xC1,0x08,
  0x00,0x00,0x00,0x00,0x00,0x00,0x00,0x00,0x00,0x00,0x00,0x00,0x16,0xD9,0xFF,0xFF,
  0xFF,0xCF,0x0F,0x00,0x00,0x00,0x00,0x00,0x00,0x00,0x00,0x00,0x00,0x00,0x00,0x00,
  0xAA,0xFF,0xFF,0xFF,0xCD,0x17,0x00,0x00,0x00,0x00,0x00,0x00,0x00,0x00,0x00,0x00,
  0x00,0x00,0x0D,0x7D,0xD0,0xED,0xFF,0xFF,0xFF,0xFF,0xFF,0xFF,0xFF,0xFF,0xFF,0xFD,
  0xE4,0xC2,0x56,0x01,0x00,0x00,0xBD,0xFF,0xFF,0xFF,0xFF,0xFF,0xFF,0xFF,0xFF,0xFF,
  0xFF,0xFF,0xFF,0xFF,0xFF,0xFF,0xFF,0x71,0x00,0x3F,0xFF,0xFF,0xFF,0xFF,0xFF,0xFF,
  0xFF,0xFF,0xFF,0xFF,0xFF,0xFF,0xFF,0xFF,0xFF,0xFF,0xFF,0xF1,0x00,0x67,0xFF,0xFF,
  0xFF,0xAA,0x48,0x3F,0x3F,0x3F,0x3F,0x3F,0x3F,0x3F,0x40,0x54,0xD9,0xFF,0xFF,0xFF,
  0x1A,0x7B,0xFF,0xFF,0xFF,0x1E,0x00,0x00,0x00,0x00,0x00,0x00,0x00,0x00,0x00,0x00,
  0x6C,0xFF,0xFF,0xFF,0x2F,0x6E,0xFF,0xFF,0xFF,0x07,0x00,0x00,0x00,0x00,0x00,0x00,
  0x00,0x00,0x00,0x00,0x51,0xFF,0xFF,0xFF,0x21,0x3B,0xFF,0xFF,0xFF,0x59,0x00,0x00,
  0x00,0x00,0x00,0x00,0x00,0x00,0x00,0x02,0x90,0xFF,0xFF,0xED,0x00,0x05,0xC4,0xFF,
  0xFF,0xFF,0xE9,0xDF,0xDF,0xDF,0xDF,0xDF,0xDF,0xDF,0xE1,0xF2,0xFF,0xFF,0xFF,0x7C,
  0x00,0x00,0x3B,0xFF,0xFF,0xFF,0xFF,0xFF,0xFF,0xFF,0xFF,0xFF,0xFF,0xFF,0xFF,0xFF,
  0xFF,0xFF,0xE6,0x08,0x00,0x18,0xE3,0xFF,0xFF,0xFF,0xFF,0xFF,0xFF,0xFF,0xFF,0xFF,
  0xFF,0xFF,0xFF,0xFF,0xFF,0xFF,0xFF,0xB0,0x00,0x5E,0xFF,0xFF,0xFF,0x74,0x0A,0x00,
  0x00,0x00,0x00,0x00,0x00,0x00,0x01,0x14,0xA1,0xFF,0xFF,0xFF,0x14,0x8D,0xFF,0xFF,
  0xFF,0x0A,0x00,0x00,0x00,0x00,0x00,0x00,0x00,0x00,0x00,0x00,0x4E,0xFF,0xFF,0xFF,
  0x45,0x93,0xFF,0xFF,0xFF,0x14,0x00,0x00,0x00,0x00,0x00,0x00,0x00,0x00,0x00,0x00,
  0x5C,0xFF,0xFF,0xFF,0x4B,0x7F,0xFF,0xFF,0xFF,0x9B,0x45,0x3F,0x3F,0x3F,0x3F,0x3F,
  0x3F,0x3F,0x3F,0x4D,0xCC,0xFF,0xFF,0xFF,0x35,0x56,0xFF,0xFF,0xFF,0xFF,0xFF,0xFF,
  0xFF,0xFF,0xFF,0xFF,0xFF,0xFF,0xFF,0xFF,0xFF,0xFF,0xFF,0xFB,0x11,0x04,0xD5,0xFF,
  0xFF,0xFF,0xFF,0xFF,0xFF,0xFF,0xFF,0xFF,0xFF,0xFF,0xFF,0xFF,0xFF,0xFF,0xFF,0x90,
  0x00,0x00,0x13,0x96,0xD8,0xF8,0xFF,0xFF,0xFF,0xFF,0xFF,0xFF,0xFF,0xFF,0xFF,0xFF,
  0xF0,0xCD,0x6E,0x03,0x00,0x00,0x0C,0x83,0xCF,0xF2,0xFF,0xFF,0xFF,0xFF,0xFF,0xFF,
  0xFF,0xF4,0xE1,0xB3,0x48,0x00,0x00,0x00,0x02,0xCB,0xFF,0xFF,0xFF,0xFF,0xFF,0xFF,
  0xFF,0xFF,0xFF,0xFF,0xFF,0xFF,0xFF,0xFF,0xBE,0x0A,0x00,0x59,0xFF,0xFF,0xFF,0xFF,
  0xFF,0xFF,0xFF,0xFF,0xFF,0xFF,0xFF,0xFF,0xFF,0xFF,0xFF,0xFF,0x81,0x00,0x89,0xFF,
  0xFF,0xFF,0x81,0x3B,0x37,0x37,0x37,0x37,0x37,0x38,0x4A,0x7F,0xF3,0xFF,0xFF,0xF7,
  0x12,0xA6,0xFF,0xFF,0xF3,0x02,0x00,0x00,0x00,0x00,0x00,0x00,0x00,0x00,0x00,0x77,
  0xFF,0xFF,0xFF,0x47,0xA7,0xFF,0xFF,0xF0,0x00,0x00,0x00,0x00,0x00,0x00,0x00,0x00,
  0x00,0x00,0x3C,0xFF,0xFF,0xFF,0x62,0x90,0xFF,0xFF,0xFF,0x51,0x03,0x00,0x00,0x00,
  0x00,0x00,0x00,0x00,0x00,0x2A,0xFF,0xFF,0xFF,0x6E,0x62,0xFF,0xFF,0xFF,0xFF,0xFF,
  0xFF,0xFF,0xFF,0xFF,0xFF,0xFF,0xFF,0xFF,0xFF,0xFF,0xFF,0xFF,0x6F,0x06,0xD3,0xFF,
  0xFF,0xFF,0xFF,0xFF,0xFF,0xFF,0xFF,0xFF,0xFF,0xFF,0xFF,0xFF,0xFF,0xFF,0xFF,0x6F,
  0x00,0x12,0x90,0xD9,0xF9,0xFF,0xFF,0xFF,0xFF,0xFF,0xFF,0xFF,0xFF,0xFF,0xFF,0xFF,
  0xFF,0xFF,0x6F,0x00,0x00,0x00,0x00,0x01,0x03,0x03,0x03,0x03,0x03,0x03,0x03,0x03,
  0x03,0x2F,0xFF,0xFF,0xFF,0x6E,0x00,0x00,0x00,0x00,0x00,0x00,0x00,0x00,0x00,0x00,
  0x00,0x00,0x00,0x00,0x41,0xFF,0xFF,0xFF,0x62,0x00,0x00,0x00,0x00,0x00,0x00,0x00,
  0x00,0x00,0x00,0x00,0x00,0x00,0x00,0x86,0xFF,0xFF,0xFF,0x47,0x00,0x3B,0x43,0x43,
  0x43,0x43,0x43,0x43,0x43,0x43,0x43,0x44,0x56,0x8F,0xF9,0xFF,0xFF,0xF7,0x12,0x19,
  0xFF,0xFF,0xFF,0xFF,0xFF,0xFF,0xFF,0xFF,0xFF,0xFF,0xFF,0xFF,0xFF,0xFF,0xFF,0xFF,
  0x81,0x00,0x1B,0xFF,0xFF,0xFF,0xFF,0xFF,0xFF,0xFF,0xFF,0xFF,0xFF,0xFF,0xFF,0xFF,
  0xFF,0xFF,0xBE,0x0A,0x00,0x11,0xF7,0xFF,0xFF,0xFF,0xFF,0xFF,0xFF,0xFF,0xFF,0xFF,
  0xFF,0xF6,0xE3,0xB5,0x49,0x00,0x00,0x00,0x17,0x4F,0x4F,0x39,0x7A,0xFF,0xFF,0xE9,
  0x7B,0xFF,0xFF,0xEB,0x6B,0xFF,0xFF,0xDA,0x00,0x00,0x00,0x00,0x00,0x00,0x00,0x00,
  0x00,0x00,0x00,0x00,0x18,0x53,0x53,0x3D,0x7A,0xFF,0xFF,0xEA,0x7B,0xFF,0xFF,0xEB,
  0x6A,0xFF,0xFF,0xDA,0x17,0x4F,0x4F,0x39,0x7A,0xFF,0xFF,0xE9,0x7B,0xFF,0xFF,0xEB,
  0x6B,0xFF,0xFF,0xDA,0x00,0x00,0x00,0x00,0x00,0x00,0x00,0x00,0x00,0x00,0x00,0x00,
  0x1A,0x57,0x57,0x40,0x7A,0xFF,0xFF,0xEA,0x7B,0xFF,0xFF,0xEB,0x6B,0xFF,0xFF,0xDD,
  0x00,0xA4,0xFF,0xAD,0x00,0xD4,0xFF,0x67,0x09,0xFC,0xFF,0x20,0x26,0xFD,0xCA,0x00,
  0x00,0x00,0x00,0x00,0x00,0x00,0x00,0x00,0x00,0x00,0x00,0x2E,0x3D,0x00,0x00,0x00,
  0x00,0x00,0x00,0x00,0x00,0x1B,0x75,0xD2,0xFF,0xB3,0x00,0x00,0x00,0x00,0x00,0x0D,
  0x5F,0xBC,0xFD,0xFF,0xFF,0xFF,0x96,0x00,0x00,0x04,0x49,0xA5,0xF5,0xFF,0xFF,0xFF,
  0xED,0x98,0x3C,0x01,0x1A,0x8F,0xE8,0xFF,0xFF,0xFF,0xF7,0xAA,0x4F,0x06,0x00,0x00,
  0x00,0xD8,0xFF,0xFF,0xFD,0xBD,0x62,0x0F,0x00,0x00,0x00,0x00,0x00,0x00,0xFB,0xFF,
  0xD3,0x1B,0x00,0x00,0x00,0x00,0x00,0x00,0x00,0x00,0x00,0xEF,0xFF,0xFE,0xBF,0x63,
  0x0F,0x00,0x00,0x00,0x00,0x00,0x00,0x00,0x5E,0xE5,0xFF,0xFF,0xFF,0xF7,0xAA,0x4E,
  0x05,0x00,0x00,0x00,0x00,0x00,0x02,0x45,0xA2,0xF3,0xFF,0xFF,0xFF,0xEC,0x95,0x38,
  0x00,0x00,0x00,0x00,0x00,0x00,0x0A,0x5B,0xB8,0xFC,0xFF,0xFF,0xFF,0xDB,0x53,0x00,
  0x00,0x00,0x00,0x00,0x00,0x00,0x18,0x71,0xCE,0xFF,0xFF,0xB3,0x00,0x00,0x00,0x00,
  0x00,0x00,0x00,0x00,0x00,0x00,0x2B,0x87,0x7C,0xE5,0xFF,0xFF,0xFF,0xFF,0xFF,0xFF,
  0xFF,0xFF,0xFF,0xFF,0xFF,0x9C,0xF7,0xFF,0xFF,0xFF,0xFF,0xFF,0xFF,0xFF,0xFF,0xFF,
  0xFF,0xFF,0xAF,0x2B,0x3F,0x3F,0x3F,0x3F,0x3F,0x3F,0x3F,0x3F,0x3F,0x3F,0x3F,0x18,
  0x00,0x00,0x00,0x00,0x00,0x00,0x00,0x00,0x00,0x00,0x00,0x00,0x00,0x00,0x00,0x00,
  0x00,0x00,0x00,0x00,0x00,0x00,0x00,0x00,0x00,0x00,0x32,0x47,0x47,0x47,0x47,0x47,
  0x47,0x47,0x47,0x47,0x47,0x47,0x1D,0xF9,0xFF,0xFF,0xFF,0xFF,0xFF,0xFF,0xFF,0xFF,
  0xFF,0xFF,0xFF,0xB1,0xE4,0xFF,0xFF,0xFF,0xFF,0xFF,0xFF,0xFF,0xFF,0xFF,0xFF,0xFF,
  0x9B,0x4E,0x12,0x00,0x00,0x00,0x00,0x00,0x00,0x00,0x00,0x00,0x00,0x00,0xFB,0xF9,
  0xAF,0x53,0x07,0x00,0x00,0x00,0x00,0x00,0x00,0x00,0x00,0xDE,0xFF,0xFF,0xFF,0xEF,
  0x99,0x3C,0x01,0x00,0x00,0x00,0x00,0x00,0x09,0x57,0xB4,0xFB,0xFF,0xFF,0xFF,0xDE,
  0x82,0x26,0x00,0x00,0x00,0x00,0x00,0x00,0x15,0x6D,0xC9,0xFF,0xFF,0xFF,0xFF,0xC9,
  0x68,0x05,0x00,0x00,0x00,0x00,0x00,0x00,0x26,0x83,0xDE,0xFF,0xFF,0xFF,0x8F,0x00,
  0x00,0x00,0x00,0x00,0x00,0x00,0x00,0x01,0x41,0xFD,0xFF,0xB3,0x00,0x00,0x00,0x00,
  0x00,0x00,0x00,0x1E,0x77,0xD4,0xFF,0xFF,0xA6,0x00,0x00,0x00,0x00,0x10,0x64,0xC0,
  0xFE,0xFF,0xFF,0xFF,0xCC,0x31,0x00,0x07,0x51,0xAC,0xF8,0xFF,0xFF,0xFF,0xE5,0x8B,
  0x2E,0x00,0x00,0x88,0xEF,0xFF,0xFF,0xFF,0xF4,0xA3,0x46,0x02,0x00,0x00,0x00,0x00,
  0xFB,0xFF,0xFD,0xBB,0x5D,0x0B,0x00,0x00,0x00,0x00,0x00,0x00,0x00,0xB2,0x75,0x1A,
  0x00,0x00,0x00,0x00,0x00,0x00,0x00,0x00,0x00,0x00,0x3C,0xFD,0xFF,0xFF,0xFF,0xFF,
  0xFF,0xFF,0xFF,0xFF,0xFF,0xF0,0xBE,0x32,0x00,0x4B,0xFF,0xFF,0xFF,0xFF,0xFF,0xFF,
  0xFF,0xFF,0xFF,0xFF,0xFF,0xFF,0xE5,0x0B,0x46,0xFF,0xFF,0xFF,0xFF,0xFF,0xFF,0xFF,
  0xFF,0xFF,0xFF,0xFF,0xFF,0xFF,0x3E,0x03,0x2A,0x2B,0x2B,0x2B,0x2B,0x2B,0x2B,0x2B,
  0x2D,0x89,0xFF,0xFF,0xFF,0x5A,0x00,0x00,0x00,0x00,0x00,0x00,0x00,0x00,0x00,0x00,
  0x3A,0xFF,0xFF,0xFF,0x57,0x00,0x00,0x00,0x00,0x00,0x00,0x00,0x00,0x00,0x00,0x84,
  0xFF,0xFF,0xFF,0x3E,0x00,0x00,0x00,0x00,0x00,0x00,0x00,0x00,0x2A,0xB3,0xFF,0xFF,
  0xFF,0xE0,0x04,0x00,0x00,0x00,0x00,0x00,0x00,0x18,0x98,0xFC,0xFF,0xFF,0xFF,0xCB,
  0x28,0x00,0x00,0x00,0x00,0x00,0x00,0x45,0xF3,0xFF,0xFF,0xFF,0xCD,0x53,0x01,0x00,
  0x00,0x00,0x00,0x00,0x00,0x00,0xDE,0xFF,0xFF,0xC6,0x4A,0x00,0x00,0x00,0x00,0x00,
  0x00,0x00,0x00,0x00,0x01,0xFE,0xFF,0xB4,0x00,0x00,0x00,0x00,0x00,0x00,0x00,0x00,
  0x00,0x00,0x00,0x00,0xF5,0xFF,0x72,0x00,0x00,0x00,0x00,0x00,0x00,0x00,0x00,0x00,
  0x00,0x00,0x00,0x1E,0x2E,0x07,0x00,0x00,0x00,0x00,0x00,0x00,0x00,0x00,0x00,0x00,
  0x00,0x00,0x00,0x00,0x00,0x00,0x00,0x00,0x00,0x00,0x00,0x00,0x00,0x00,0x00,0x00,
  0x17,0x4F,0x4F,0x3B,0x00,0x00,0x00,0x00,0x00,0x00,0x00,0x00,0x00,0x00,0x00,0x7A,
  0xFF,0xFF,0xEE,0x00,0x00,0x00,0x00,0x00,0x00,0x00,0x00,0x00,0x00,0x00,0x7B,0xFF,
  0xFF,0xEF,0x00,0x00,0x00,0x00,0x00,0x00,0x00,0x00,0x00,0x00,0x00,0x6A,0xFF,0xFF,
  0xDE,0x00,0x00,0x00,0x00,0x00,0x00,0x00,0x00,0x06,0x7B,0xCE,0xF3,0xFF,0xFF,0xFF,
  0xFF,0xFF,0xFF,0xFF,0xFF,0xFE,0xE3,0xBF,0x54,0x00,0x00,0x00,0xB5,0xFF,0xFF,0xFF,
  0xFF,0xFF,0xFF,0xFF,0xFF,0xFF,0xFF,0xFF,0xFF,0xFF,0xFF,0xFF,0x8F,0x00,0x40,0xFF,
  0xFF,0xFF,0xBE,0x92,0x8F,0x8F,0x8F,0x8F,0x8F,0x8F,0x8F,0x93,0xB3,0xFC,0xFF,0xFD,
  0x2E,0x72,0xFF,0xFF,0xAC,0x00,0x00,0x00,0x00,0x00,0x00,0x00,0x00,0x00,0x00,0x00,
  0x64,0xFF,0xFF,0x68,0x90,0xFF,0xFF,0x76,0x00,0x00,0x00,0x00,0x00,0x00,0x00,0x00,
  0x00,0x00,0x00,0x25,0xFF,0xFF,0x8C,0x93,0xFF,0xFF,0x6F,0x00,0x00,0x00,0x0C,0x8D,
  0xDD,0xFC,0xFF,0xFF,0xFF,0xFF,0xFF,0xFF,0xFF,0x93,0x93,0xFF,0xFF,0x6F,0x00,0x00,
  0x00,0x9D,0xFF,0xFF,0xFF,0xFF,0xFF,0xFF,0xFF,0xFF,0xFF,0xFF,0x93,0x93,0xFF,0xFF,
  0x6F,0x00,0x00,0x01,0xF7,0xFF,0xEE,0x64,0x34,0x33,0x33,0x33,0x4D,0xFF,0xFF,0x93,
  0x93,0xFF,0xFF,0x6F,0x00,0x00,0x18,0xFF,0xFF,0x9F,0x00,0x00,0x00,0x00,0x00,0x1F,
  0xFF,0xFF,0x93,0x93,0xFF,0xFF,0x6F,0x00,0x00,0x1B,0xFF,0xFF,0x87,0x00,0x00,0x00,
  0x00,0x00,0x22,0xFF,0xFF,0x93,0x93,0xFF,0xFF,0x6F,0x00,0x00,0x19,0xFF,0xFF,0xA2,
  0x00,0x00,0x00,0x00,0x00,0x41,0xFF,0xFF,0x7F,0x93,0xFF,0xFF,0x6F,0x00,0x00,0x02,
  0xF7,0xFF,0xF1,0x75,0x48,0x47,0x47,0x5A,0xD1,0xFF,0xFF,0x5F,0x93,0xFF,0xFF,0x6F,
  0x00,0x00,0x00,0x9F,0xFF,0xFF,0xFF,0xFF,0xFF,0xFF,0xFF,0xFF,0xFF,0xE9,0x0C,0x93,
  0xFF,0xFF,0x70,0x00,0x00,0x00,0x0C,0x8D,0xDD,0xFB,0xFF,0xFF,0xFF,0xFF,0xE6,0xB4,
  0x2A,0x00,0x7B,0xFF,0xFF,0x84,0x00,0x00,0x00,0x00,0x00,0x00,0x00,0x00,0x00,0x00,
  0x00,0x00,0x00,0x00,0x00,0x57,0xFF,0xFF,0xBF,0x00,0x00,0x00,0x00,0x00,0x00,0x00,
  0x00,0x00,0x00,0x00,0x00,0x00,0x00,0x00,0x26,0xFE,0xFF,0xFF,0x80,0x0A,0x00,0x00,
  0x00,0x00,0x00,0x00,0x00,0x00,0x00,0x00,0x00,0x00,0x00,0x00,0x9A,0xFF,0xFF,0xFF,
  0xFE,0xE6,0xDF,0xDF,0xDF,0xDF,0xDF,0xDF,0xDF,0xDF,0xDF,0xDF,0xDF,0x56,0x00,0x12,
  0xC3,0xFF,0xFF,0xFF,0xFF,0xFF,0xFF,0xFF,0xFF,0xFF,0xFF,0xFF,0xFF,0xFF,0xFF,0xFF,
  0x77,0x00,0x00,0x00,0x5C,0xB2,0xD6,0xF8,0xFF,0xFF,0xFF,0xFF,0xFF,0xFF,0xFF,0xFF,
  0xFF,0xFF,0xFF,0x65,0x00,0x00,0x00,0x00,0x00,0x00,0x00,0x00,0x04,0x8F,0xE7,0xFF,
  0xED,0xAE,0x19,0x00,0x00,0x00,0x00,0x00,0x00,0x00,0x00,0x00,0x00,0x00,0x00,0x00,
  0x00,0x00,0x00,0x00,0x7B,0xFF,0xFF,0xFF,0xFF,0xFF,0xC3,0x01,0x00,0x00,0x00,0x00,
  0x00,0x00,0x00,0x00,0x00,0x00,0x00,0x00,0x00,0x00,0x00,0x19,0xF5,0xFF,0xFF,0xFF,
  0xFF,0xFF,0xFF,0x5A,0x00,0x00,0x00,0x00,0x00,0x00,0x00,0x00,0x00,0x00,0x00,0x00,
  0x00,0x00,0x00,0x98,0xFF,0xFF,0xFF,0x94,0xED,0xFF,0xFF,0xDF,0x06,0x00,0x00,0x00,
  0x00,0x00,0x00,0x00,0x00,0x00,0x00,0x00,0x00,0x00,0x26,0xFB,0xFF,0xFF,0xDD,0x04,
  0x79,0xFF,0xFF,0xFF,0x71,0x00,0x00,0x00,0x00,0x00,0x00,0x00,0x00,0x00,0x00,0x00,
  0x00,0x00,0xAC,0xFF,0xFF,0xFF,0x60,0x00,0x0C,0xEB,0xFF,0xFF,0xEC,0x0F,0x00,0x00,
  0x00,0x00,0x00,0x00,0x00,0x00,0x00,0x00,0x00,0x36,0xFF,0xFF,0xFF,0xDC,0x04,0x00,
  0x00,0x77,0xFF,0xFF,0xFF,0x87,0x00,0x00,0x00,0x00,0x00,0x00,0x00,0x00,0x00,0x00,
  0x00,0xBF,0xFF,0xFF,0xFF,0x5F,0x00,0x00,0x00,0x0B,0xEA,0xFF,0xFF,0xF6,0x1C,0x00,
  0x00,0x00,0x00,0x00,0x00,0x00,0x00,0x00,0x49,0xFF,0xFF,0xFF,0xDB,0x03,0x00,0x00,
  0x00,0x00,0x75,0xFF,0xFF,0xFF,0x9E,0x00,0x00,0x00,0x00,0x00,0x00,0x00,0x00,0x02,
  0xD1,0xFF,0xFF,0xFF,0x5E,0x00,0x00,0x00,0x00,0x00,0x0A,0xE9,0xFF,0xFF,0xFD,0x2C,
  0x00,0x00,0x00,0x00,0x00,0x00,0x00,0x5D,0xFF,0xFF,0xFF,0xE1,0x17,0x13,0x13,0x13,
  0x13,0x13,0x13,0x82,0xFF,0xFF,0xFF,0xB4,0x00,0x00,0x00,0x00,0x00,0x00,0x07,0xE0,
  0xFF,0xFF,0xFF,0xFF,0xFF,0xFF,0xFF,0xFF,0xFF,0xFF,0xFF,0xFF,0xFF,0xFF,0xFF,0xFF,
  0x40,0x00,0x00,0x00,0x00,0x00,0x71,0xFF,0xFF,0xFF,0xFF,0xFF,0xFF,0xFF,0xFF,0xFF,
  0xFF,0xFF,0xFF,0xFF,0xFF,0xFF,0xFF,0xFF,0xCA,0x01,0x00,0x00,0x00,0x0E,0xEC,0xFF,
  0xFF,0xFF,0xFF,0xFF,0xFF,0xFF,0xFF,0xFF,0xFF,0xFF,0xFF,0xFF,0xFF,0xFF,0xFF,0xFF,
  0xFF,0x56,0x00,0x00,0x00,0x84,0xFF,0xFF,0xFF,0xAE,0x00,0x00,0x00,0x00,0x00,0x00,
  0x00,0x00,0x00,0x00,0x00,0x3E,0xFF,0xFF,0xFF,0xDC,0x05,0x00,0x19,0xF5,0xFF,0xFF,
  0xFA,0x24,0x00,0x00,0x00,0x00,0x00,0x00,0x00,0x00,0x00,0x00,0x00,0x00,0xA8,0xFF,
  0xFF,0xFF,0x6C,0x00,0x82,0xFF,0xFF,0xFE,0x81,0x00,0x00,0x00,0x00,0x00,0x00,0x00,
  0x00,0x00,0x00,0x00,0x00,0x00,0x1D,0xE8,0xFF,0xFF,0xE2,0x00,0x47,0xFB,0xFF,0xFF,
  0xFF,0xFF,0xFF,0xFF,0xFF,0xFF,0xFF,0xFF,0xFF,0xFF,0xFF,0xF4,0xD6,0x98,0x1C,0x00,
  0x63,0xFF,0xFF,0xFF,0xFF,0xFF,0xFF,0xFF,0xFF,0xFF,0xFF,0xFF,0xFF,0xFF,0xFF,0xFF,
  0xFF,0xFF,0xE4,0x0E,0x63,0xFF,0xFF,0xFF,0xFF,0xFF,0xFF,0xFF,0xFF,0xFF,0xFF,0xFF,
  0xFF,0xFF,0xFF,0xFF,0xFF,0xFF,0xFF,0x71,0x63,0xFF,0xFF,0xFF,0x8A,0x4F,0x4F,0x4F,
  0x4F,0x4F,0x4F,0x4F,0x4F,0x4F,0x5E,0xB2,0xFF,0xFF,0xFF,0x99,0x63,0xFF,0xFF,0xFF,
  0x3F,0x00,0x00,0x00,0x00,0x00,0x00,0x00,0x00,0x00,0x00,0x0A,0xF5,0xFF,0xFF,0xAF,
  0x63,0xFF,0xFF,0xFF,0x3F,0x00,0x00,0x00,0x00,0x00,0x00,0x00,0x00,0x00,0x00,0x00,
  0xD9,0xFF,0xFF,0xA2,0x63,0xFF,0xFF,0xFF,0x3F,0x00,0x00,0x00,0x00,0x00,0x00,0x00,
  0x00,0x00,0x00,0x23,0xF7,0xFF,0xFF,0x6D,0x63,0xFF,0xFF,0xFF,0xE4,0xDB,0xDB,0xDB,
  0xDB,0xDB,0xDB,0xDB,0xDB,0xDB,0xE3,0xFC,0xFF,0xFF,0xE1,0x17,0x63,0xFF,0xFF,0xFF,
  0xFF,0xFF,0xFF,0xFF,0xFF,0xFF,0xFF,0xFF,0xFF,0xFF,0xFF,0xFF,0xFF,0xFF,0x6A,0x00,
  0x63,0xFF,0xFF,0xFF,0xFF,0xFF,0xFF,0xFF,0xFF,0xFF,0xFF,0xFF,0xFF,0xFF,0xFF,0xFF,
  0xFF,0xFF,0xF7,0x3A,0x63,0xFF,0xFF,0xFF,0x3F,0x00,0x00,0x00,0x00,0x00,0x00,0x00,
  0x00,0x00,0x08,0x42,0xF8,0xFF,0xFF,0x95,0x63,0xFF,0xFF,0xFF,0x3F,0x00,0x00,0x00,
  0x00,0x00,0x00,0x00,0x00,0x00,0x00,0x00,0xD3,0xFF,0xFF,0xC8,0x63,0xFF,0xFF,0xFF,
  0x3F,0x00,0x00,0x00,0x00,0x00,0x00,0x00,0x00,0x00,0x00,0x05,0xEB,0xFF,0xFF,0xCF,
  0x63,0xFF,0xFF,0xFF,0x89,0x4F,0x4F,0x4F,0x4F,0x4F,0x4F,0x4F,0x4F,0x4F,0x5B,0xA7,
  0xFF,0xFF,0xFF,0xBA,0x63,0xFF,0xFF,0xFF,0xFF,0xFF,0xFF,0xFF,0xFF,0xFF,0xFF,0xFF,
  0xFF,0xFF,0xFF,0xFF,0xFF,0xFF,0xFF,0x91,0x63,0xFF,0xFF,0xFF,0xFF,0xFF,0xFF,0xFF,
  0xFF,0xFF,0xFF,0xFF,0xFF,0xFF,0xFF,0xFF,0xFF,0xFF,0xF5,0x1E,0x48,0xFB,0xFF,0xFF,
  0xFF,0xFF,0xFF,0xFF,0xFF,0xFF,0xFF,0xFF,0xFF,0xFF,0xFF,0xFC,0xDF,0xAE,0x29,0x00,
  0x00,0x00,0x02,0x5D,0xBC,0xE6,0xF7,0xFF,0xFF,0xFF,0xFF,0xFF,0xFF,0xFF,0xFF,0xFF,
  0xFF,0xFF,0x66,0x00,0x1C,0xD3,0xFF,0xFF,0xFF,0xFF,0xFF,0xFF,0xFF,0xFF,0xFF,0xFF,
  0xFF,0xFF,0xFF,0xFF,0xFF,0x77,0x00,0xA9,0xFF,0xFF,0xFF,0xFF,0xFF,0xFF,0xFF,0xFF,
  0xFF,0xFF,0xFF,0xFF,0xFF,0xFF,0xFF,0xFF,0x76,0x31,0xFF,0xFF,0xFF,0xFE,0xA9,0x70,
  0x5C,0x5B,0x5B,0x5B,0x5B,0x5B,0x5B,0x5B,0x5B,0x5B,0x5B,0x1A,0x6D,0xFF,0xFF,0xFF,
  0x84,0x00,0x00,0x00,0x00,0x00,0x00,0x00,0x00,0x00,0x00,0x00,0x00,0x00,0x00,0x87,
  0xFF,0xFF,0xFF,0x2D,0x00,0x00,0x00,0x00,0x00,0x00,0x00,0x00,0x00,0x00,0x00,0x00,
  0x00,0x00,0x92,0xFF,0xFF,0xFF,0x16,0x00,0x00,0x00,0x00,0x00,0x00,0x00,0x00,0x00,
  0x00,0x00,0x00,0x00,0x00,0x93,0xFF,0xFF,0xFF,0x0F,0x00,0x00,0x00,0x00,0x00,0x00,
  0x00,0x00,0x00,0x00,0x00,0x00,0x00,0x00,0x93,0xFF,0xFF,0xFF,0x0F,0x00,0x00,0x00,
  0x00,0x00,0x00,0x00,0x00,0x00,0x00,0x00,0x00,0x00,0x00,0x93,0xFF,0xFF,0xFF,0x0F,
  0x00,0x00,0x00,0x00,0x00,0x00,0x00,0x00,0x00,0x00,0x00,0x00,0x00,0x00,0x92,0xFF,
  0xFF,0xFF,0x16,0x00,0x00,0x00,0x00,0x00,0x00,0x00,0x00,0x00,0x00,0x00,0x00,0x00,
  0x00,0x87,0xFF,0xFF,0xFF,0x2D,0x00,0x00,0x00,0x00,0x00,0x00,0x00,0x00,0x00,0x00,
  0x00,0x00,0x00,0x00,0x6E,0xFF,0xFF,0xFF,0x84,0x00,0x00,0x00,0x00,0x00,0x00,0x00,
  0x00,0x00,0x00,0x00,0x00,0x00,0x00,0x31,0xFF,0xFF,0xFF,0xFE,0xA7,0x6F,0x5C,0x5B,
  0x5B,0x5B,0x5B,0x5B,0x5B,0x5B,0x5B,0x5B,0x5B,0x1A,0x00,0xA9,0xFF,0xFF,0xFF,0xFF,
  0xFF,0xFF,0xFF,0xFF,0xFF,0xFF,0xFF,0xFF,0xFF,0xFF,0xFF,0xFF,0x76,0x00,0x1C,0xD3,
  0xFF,0xFF,0xFF,0xFF,0xFF,0xFF,0xFF,0xFF,0xFF,0xFF,0xFF,0xFF,0xFF,0xFF,0xFF,0x77,
  0x00,0x00,0x02,0x5F,0xBE,0xE8,0xF8,0xFF,0xFF,0xFF,0xFF,0xFF,0xFF,0xFF,0xFF,0xFF,
  0xFF,0xFF,0x66,0x47,0xFB,0xFF,0xFF,0xFF,0xFF,0xFF,0xFF,0xFF,0xFF,0xFF,0xFF,0xFE,
  0xF1,0xDB,0xAA,0x56,0x05,0x00,0x00,0x63,0xFF,0xFF,0xFF,0xFF,0xFF,0xFF,0xFF,0xFF,
  0xFF,0xFF,0xFF,0xFF,0xFF,0xFF,0xFF,0xFF,0xCC,0x1A,0x00,0x63,0xFF,0xFF,0xFF,0xFF,
  0xFF,0xFF,0xFF,0xFF,0xFF,0xFF,0xFF,0xFF,0xFF,0xFF,0xFF,0xFF,0xFF,0xAD,0x00,0x63,
  0xFF,0xFF,0xFF,0x8E,0x57,0x57,0x57,0x57,0x57,0x57,0x57,0x5C,0x74,0xAF,0xFF,0xFF,
  0xFF,0xFF,0x47,0x63,0xFF,0xFF,0xFF,0x3F,0x00,0x00,0x00,0x00,0x00,0x00,0x00,0x00,
  0x00,0x00,0x6D,0xFF,0xFF,0xFF,0x8E,0x63,0xFF,0xFF,0xFF,0x3F,0x00,0x00,0x00,0x00,
  0x00,0x00,0x00,0x00,0x00,0x00,0x04,0xF3,0xFF,0xFF,0xB0,0x63,0xFF,0xFF,0xFF,0x3F,
  0x00,0x00,0x00,0x00,0x00,0x00,0x00,0x00,0x00,0x00,0x00,0xD5,0xFF,0xFF,0xD3,0x63,
  0xFF,0xFF,0xFF,0x3F,0x00,0x00,0x00,0x00,0x00,0x00,0x00,0x00,0x00,0x00,0x00,0xC4,
  0xFF,0xFF,0xDF,0x63,0xFF,0xFF,0xFF,0x3F,0x00,0x00,0x00,0x00,0x00,0x00,0x00,0x00,
  0x00,0x00,0x00,0xC3,0xFF,0xFF,0xDF,0x63,0xFF,0xFF,0xFF,0x3F,0x00,0x00,0x00,0x00,
  0x00,0x00,0x00,0x00,0x00,0x00,0x00,0xC4,0xFF,0xFF,0xDF,0x63,0xFF,0xFF,0xFF,0x3F,
  0x00,0x00,0x00,0x00,0x00,0x00,0x00,0x00,0x00,0x00,0x00,0xD5,0xFF,0xFF,0xD3,0x63,
  0xFF,0xFF,0xFF,0x3F,0x00,0x00,0x00,0x00,0x00,0x00,0x00,0x00,0x00,0x00,0x04,0xF2,
  0xFF,0xFF,0xB0,0x63,0xFF,0xFF,0xFF,0x3F,0x00,0x00,0x00,0x00,0x00,0x00,0x00,0x00,
  0x00,0x00,0x6C,0xFF,0xFF,0xFF,0x8E,0x63,0xFF,0xFF,0xFF,0x8F,0x57,0x57,0x57,0x57,
  0x57,0x57,0x57,0x5B,0x72,0xAE,0xFE,0xFF,0xFF,0xFF,0x48,0x63,0xFF,0xFF,0xFF,0xFF,
  0xFF,0xFF,0xFF,0xFF,0xFF,0xFF,0xFF,0xFF,0xFF,0xFF,0xFF,0xFF,0xFF,0xAE,0x00,0x63,
  0xFF,0xFF,0xFF,0xFF,0xFF,0xFF,0xFF,0xFF,0xFF,0xFF,0xFF,0xFF,0xFF,0xFF,0xFF,0xFF,
  0xCE,0x1A,0x00,0x48,0xFB,0xFF,0xFF,0xFF,0xFF,0xFF,0xFF,0xFF,0xFF,0xFF,0xFF,0xFE,
  0xF2,0xDD,0xAC,0x58,0x05,0x00,0x00,0x00,0x00,0x02,0x5C,0xBB,0xE5,0xF6,0xFF,0xFF,
  0xFF,0xFF,0xFF,0xFF,0xFF,0xFF,0xFF,0xFF,0xFC,0x2A,0x00,0x1B,0xD1,0xFF,0xFF,0xFF,
  0xFF,0xFF,0xFF,0xFF,0xFF,0xFF,0xFF,0xFF,0xFF,0xFF,0xFF,0xFF,0x37,0x00,0xA7,0xFF,
  0xFF,0xFF,0xFF,0xFF,0xFF,0xFF,0xFF,0xFF,0xFF,0xFF,0xFF,0xFF,0xFF,0xFF,0xFF,0x36,
  0x2F,0xFF,0xFF,0xFF,0xFC,0x9E,0x6A,0x58,0x57,0x57,0x57,0x57,0x57,0x57,0x57,0x57,
  0x57,0x53,0x06,0x6D,0xFF,0xFF,0xFF,0x7C,0x00,0x00,0x00,0x00,0x00,0x00,0x00,0x00,
  0x00,0x00,0x00,0x00,0x00,0x00,0x87,0xFF,0xFF,0xFF,0x28,0x00,0x00,0x00,0x00,0x00,
  0x00,0x00,0x00,0x00,0x00,0x00,0x00,0x00,0x00,0x92,0xFF,0xFF,0xFF,0x13,0x00,0x00,
  0x00,0x00,0x00,0x00,0x00,0x00,0x00,0x00,0x00,0x00,0x00,0x00,0x93,0xFF,0xFF,0xFF,
  0xFF,0xFF,0xFF,0xFF,0xFF,0xFF,0xFF,0xFF,0xFF,0xFF,0xFF,0xFF,0xFF,0xF5,0x0B,0x93,
  0xFF,0xFF,0xFF,0xFF,0xFF,0xFF,0xFF,0xFF,0xFF,0xFF,0xFF,0xFF,0xFF,0xFF,0xFF,0xFF,
  0xFF,0x13,0x93,0xFF,0xFF,0xFF,0xFF,0xFF,0xFF,0xFF,0xFF,0xFF,0xFF,0xFF,0xFF,0xFF,
  0xFF,0xFF,0xFF,0xFF,0x0F,0x92,0xFF,0xFF,0xFF,0x35,0x27,0x27,0x27,0x27,0x27,0x27,
  0x27,0x27,0x27,0x27,0x27,0x27,0x1F,0x00,0x87,0xFF,0xFF,0xFF,0x22,0x00,0x00,0x00,
  0x00,0x00,0x00,0x00,0x00,0x00,0x00,0x00,0x00,0x00,0x00,0x6D,0xFF,0xFF,0xFF,0x6E,
  0x00,0x00,0x00,0x00,0x00,0x00,0x00,0x00,0x00,0x00,0x00,0x00,0x00,0x00,0x30,0xFF,
  0xFF,0xFF,0xF9,0x97,0x67,0x58,0x57,0x57,0x57,0x57,0x57,0x57,0x57,0x57,0x57,0x53,
  0x06,0x00,0xA7,0xFF,0xFF,0xFF,0xFF,0xFF,0xFF,0xFF,0xFF,0xFF,0xFF,0xFF,0xFF,0xFF,
  0xFF,0xFF,0xFF,0x36,0x00,0x1C,0xD1,0xFF,0xFF,0xFF,0xFF,0xFF,0xFF,0xFF,0xFF,0xFF,
  0xFF,0xFF,0xFF,0xFF,0xFF,0xFF,0x37,0x00,0x00,0x02,0x5D,0xBD,0xE8,0xF8,0xFF,0xFF,
  0xFF,0xFF,0xFF,0xFF,0xFF,0xFF,0xFF,0xFF,0xFC,0x2A,0x00,0x00,0x02,0x5D,0xBC,0xE6,
  0xF7,0xFF,0xFF,0xFF,0xFF,0xFF,0xFF,0xFF,0xFF,0xFF,0xFF,0xFC,0x2A,0x00,0x1C,0xD3,
  0xFF,0xFF,0xFF,0xFF,0xFF,0xFF,0xFF,0xFF,0xFF,0xFF,0xFF,0xFF,0xFF,0xFF,0xFF,0x37,
  0x00,0xA9,0xFF,0xFF,0xFF,0xFF,0xFF,0xFF,0xFF,0xFF,0xFF,0xFF,0xFF,0xFF,0xFF,0xFF,
  0xFF,0xFF,0x36,0x31,0xFF,0xFF,0xFF,0xFC,0xA1,0x6B,0x58,0x57,0x57,0x57,0x57,0x57,
  0x57,0x57,0x57,0x57,0x53,0x06,0x6D,0xFF,0xFF,0xFF,0x7C,0x00,0x00,0x00,0x00,0x00,
  0x00,0x00,0x00,0x00,0x00,0x00,0x00,0x00,0x00,0x87,0xFF,0xFF,0xFF,0x2B,0x00,0x00,
  0x00,0x00,0x00,0x00,0x00,0x00,0x00,0x00,0x00,0x00,0x00,0x00,0x92,0xFF,0xFF,0xFF,
  0x14,0x00,0x00,0x00,0x00,0x00,0x00,0x00,0x00,0x00,0x00,0x00,0x00,0x00,0x00,0x93,
  0xFF,0xFF,0xFF,0xFF,0xFF,0xFF,0xFF,0xFF,0xFF,0xFF,0xFF,0xFF,0xFF,0xFF,0xFF,0xFF,
  0xF5,0x0B,0x93,0xFF,0xFF,0xFF,0xFF,0xFF,0xFF,0xFF,0xFF,0xFF,0xFF,0xFF,0xFF,0xFF,
  0xFF,0xFF,0xFF,0xFF,0x13,0x93,0xFF,0xFF,0xFF,0xFF,0xFF,0xFF,0xFF,0xFF,0xFF,0xFF,
  0xFF,0xFF,0xFF,0xFF,0xFF,0xFF,0xFF,0x0F,0x93,0xFF,0xFF,0xFF,0x35,0x27,0x27,0x27,
  0x27,0x27,0x27,0x27,0x27,0x27,0x27,0x27,0x27,0x1F,0x00,0x93,0xFF,0xFF,0xFF,0x0F,
  0x00,0x00,0x00,0x00,0x00,0x00,0x00,0x00,0x00,0x00,0x00,0x00,0x00,0x00,0x93,0xFF,
  0xFF,0xFF,0x0F,0x00,0x00,0x00,0x00,0x00,0x00,0x00,0x00,0x00,0x00,0x00,0x00,0x00,
  0x00,0x93,0xFF,0xFF,0xFF,0x0F,0x00,0x00,0x00,0x00,0x00,0x00,0x00,0x00,0x00,0x00,
  0x00,0x00,0x00,0x00,0x93,0xFF,0xFF,0xFF,0x0F,0x00,0x00,0x00,0x00,0x00,0x00,0x00,
  0x00,0x00,0x00,0x00,0x00,0x00,0x00,0x93,0xFF,0xFF,0xFF,0x0F,0x00,0x00,0x00,0x00,
  0x00,0x00,0x00,0x00,0x00,0x00,0x00,0x00,0x00,0x00,0x83,0xFF,0xFF,0xF5,0x09,0x00,
  0x00,0x00,0x00,0x00,0x00,0x00,0x00,0x00,0x00,0x00,0x00,0x00,0x00,0x00,0x00,0x02,
  0x5D,0xBC,0xE6,0xF7,0xFF,0xFF,0xFF,0xFF,0xFF,0xFF,0xFF,0xFF,0xFF,0xFF,0xFF,0xFF,
  0xBD,0x00,0x1C,0xD3,0xFF,0xFF,0xFF,0xFF,0xFF,0xFF,0xFF,0xFF,0xFF,0xFF,0xFF,0xFF,
  0xFF,0xFF,0xFF,0xFF,0xCF,0x00,0xA9,0xFF,0xFF,0xFF,0xFF,0xFF,0xFF,0xFF,0xFF,0xFF,
  0xFF,0xFF,0xFF,0xFF,0xFF,0xFF,0xFF,0xFF,0xCE,0x31,0xFF,0xFF,0xFF,0xFE,0xA9,0x70,
  0x5C,0x5B,0x5B,0x5B,0x5B,0x5B,0x5B,0x5B,0x5B,0x5B,0x5B,0x5B,0x39,0x6D,0xFF,0xFF,
  0xFF,0x84,0x00,0x00,0x00,0x00,0x00,0x00,0x00,0x00,0x00,0x00,0x00,0x00,0x00,0x00,
  0x00,0x87,0xFF,0xFF,0xFF,0x2D,0x00,0x00,0x00,0x00,0x00,0x00,0x00,0x00,0x00,0x00,
  0x00,0x00,0x00,0x00,0x00,0x92,0xFF,0xFF,0xFF,0x16,0x00,0x00,0x00,0x00,0x00,0x00,
  0x00,0x00,0x00,0x00,0x00,0x00,0x00,0x00,0x00,0x93,0xFF,0xFF,0xFF,0x0F,0x00,0x00,
  0x00,0x65,0xFF,0xFF,0xFF,0xFF,0xFF,0xFF,0xFF,0xFF,0xFF,0xFF,0xA7,0x93,0xFF,0xFF,
  0xFF,0x0F,0x00,0x00,0x00,0x77,0xFF,0xFF,0xFF,0xFF,0xFF,0xFF,0xFF,0xFF,0xFF,0xFF,
  0xC7,0x93,0xFF,0xFF,0xFF,0x0F,0x00,0x00,0x00,0x71,0xFF,0xFF,0xFF,0xFF,0xFF,0xFF,
  0xFF,0xFF,0xFF,0xFF,0xC7,0x92,0xFF,0xFF,0xFF,0x15,0x00,0x00,0x00,0x04,0x1F,0x1F,
  0x1F,0x1F,0x1F,0x1F,0x1F,0xB7,0xFF,0xFF,0xC7,0x87,0xFF,0xFF,0xFF,0x2C,0x00,0x00,
  0x00,0x00,0x00,0x00,0x00,0x00,0x00,0x00,0x00,0x9F,0xFF,0xFF,0xC7,0x6E,0xFF,0xFF,
  0xFF,0x7F,0x00,0x00,0x00,0x00,0x00,0x00,0x00,0x00,0x00,0x00,0x00,0xA8,0xFF,0xFF,
  0xC7,0x31,0xFF,0xFF,0xFF,0xFD,0xA1,0x6A,0x58,0x57,0x57,0x57,0x57,0x57,0x57,0x57,
  0x75,0xF0,0xFF,0xFF,0xC1,0x00,0xA9,0xFF,0xFF,0xFF,0xFF,0xFF,0xFF,0xFF,0xFF,0xFF,
  0xFF,0xFF,0xFF,0xFF,0xFF,0xFF,0xFF,0xFF,0xA6,0x00,0x1C,0xD3,0xFF,0xFF,0xFF,0xFF,
  0xFF,0xFF,0xFF,0xFF,0xFF,0xFF,0xFF,0xFF,0xFF,0xFF,0xFF,0xFF,0x5D,0x00,0x00,0x02,
  0x5F,0xBE,0xE8,0xF8,0xFF,0xFF,0xFF,0xFF,0xFF,0xFF,0xFF,0xFF,0xFF,0xFF,0xE5,0x88,
  0x03,0x53,0xFF,0xFF,0xFC,0x31,0x00,0x00,0x00,0x00,0x00,0x00,0x00,0x00,0x00,0x00,
  0x71,0xFF,0xFF,0xF9,0x1B,0x63,0xFF,0xFF,0xFF,0x3F,0x00,0x00,0x00,0x00,0x00,0x00,
  0x00,0x00,0x00,0x00,0x83,0xFF,0xFF,0xFF,0x27,0x63,0xFF,0xFF,0xFF,0x3F,0x00,0x00,
  0x00,0x00,0x00,0x00,0x00,0x00,0x00,0x00,0x83,0xFF,0xFF,0xFF,0x27,0x63,0xFF,0xFF,
  0xFF,0x3F,0x00,0x00,0x00,0x00,0x00,0x00,0x00,0x00,0x00,0x00,0x83,0xFF,0xFF,0xFF,
  0x27,0x63,0xFF,0xFF,0xFF,0x3F,0x00,0x00,0x00,0x00,0x00,0x00,0x00,0x00,0x00,0x00,
  0x83,0xFF,0xFF,0xFF,0x27,0x63,0xFF,0xFF,0xFF,0x3F,0x00,0x00,0x00,0x00,0x00,0x00,
  0x00,0x00,0x00,0x00,0x83,0xFF,0xFF,0xFF,0x27,0x63,0xFF,0xFF,0xFF,0x3F,0x00,0x00,
  0x00,0x00,0x00,0x00,0x00,0x00,0x00,0x00,0x83,0xFF,0xFF,0xFF,0x27,0x63,0xFF,0xFF,
  0xFF,0xFF,0xFF,0xFF,0xFF,0xFF,0xFF,0xFF,0xFF,0xFF,0xFF,0xFF,0xFF,0xFF,0xFF,0xFF,
  0x27,0x63,0xFF,0xFF,0xFF,0xFF,0xFF,0xFF,0xFF,0xFF,0xFF,0xFF,0xFF,0xFF,0xFF,0xFF,
  0xFF,0xFF,0xFF,0xFF,0x27,0x63,0xFF,0xFF,0xFF,0xFF,0xFF,0xFF,0xFF,0xFF,0xFF,0xFF,
  0xFF,0xFF,0xFF,0xFF,0xFF,0xFF,0xFF,0xFF,0x27,0x63,0xFF,0xFF,0xFF,0x69,0x37,0x37,
  0x37,0x37,0x37,0x37,0x37,0x37,0x37,0x37,0x9F,0xFF,0xFF,0xFF,0x27,0x63,0xFF,0xFF,
  0xFF,0x3F,0x00,0x00,0x00,0x00,0x00,0x00,0x00,0x00,0x00,0x00,0x83,0xFF,0xFF,0xFF,
  0x27,0x63,0xFF,0xFF,0xFF,0x3F,0x00,0x00,0x00,0x00,0x00,0x00,0x00,0x00,0x00,0x00,
  0x83,0xFF,0xFF,0xFF,0x27,0x63,0xFF,0xFF,0xFF,0x3F,0x00,0x00,0x00,0x00,0x00,0x00,
  0x00,0x00,0x00,0x00,0x83,0xFF,0xFF,0xFF,0x27,0x63,0xFF,0xFF,0xFF,0x3F,0x00,0x00,
  0x00,0x00,0x00,0x00,0x00,0x00,0x00,0x00,0x83,0xFF,0xFF,0xFF,0x27,0x63,0xFF,0xFF,
  0xFF,0x3F,0x00,0x00,0x00,0x00,0x00,0x00,0x00,0x00,0x00,0x00,0x83,0xFF,0xFF,0xFF,
  0x27,0x53,0xFF,0xFF,0xFD,0x32,0x00,0x00,0x00,0x00,0x00,0x00,0x00,0x00,0x00,0x00,
  0x72,0xFF,0xFF,0xF9,0x1B,0x53,0xFF,0xFF,0xFD,0x32,0x63,0xFF,0xFF,0xFF,0x3F,0x63,
  0xFF,0xFF,0xFF,0x3F,0x63,0xFF,0xFF,0xFF,0x3F,0x63,0xFF,0xFF,0xFF,0x3F,0x63,0xFF,
  0xFF,0xFF,0x3F,0x63,0xFF,0xFF,0xFF,0x3F,0x63,0xFF,0xFF,0xFF,0x3F,0x63,0xFF,0xFF,
  0xFF,0x3F,0x63,0xFF,0xFF,0xFF,0x3F,0x63,0xFF,0xFF,0xFF,0x3F,0x63,0xFF,0xFF,0xFF,
  0x3F,0x63,0xFF,0xFF,0xFF,0x3F,0x63,0xFF,0xFF,0xFF,0x3F,0x63,0xFF,0xFF,0xFF,0x3F,
  0x63,0xFF,0xFF,0xFF,0x3F,0x53,0xFF,0xFF,0xFD,0x31,0x00,0x00,0x00,0x00,0x00,0x00,
  0x00,0x00,0x00,0x00,0x00,0x00,0x00,0x66,0xFF,0xFF,0xFB,0x26,0x00,0x00,0x00,0x00,
  0x00,0x00,0x00,0x00,0x00,0x00,0x00,0x00,0x00,0x77,0xFF,0xFF,0xFF,0x33,0x00,0x00,
  0x00,0x00,0x00,0x00,0x00,0x00,0x00,0x00,0x00,0x00,0x00,0x77,0xFF,0xFF,0xFF,0x33,
  0x00,0x00,0x00,0x00,0x00,0x00,0x00,0x00,0x00,0x00,0x00,0x00,0x00,0x77,0xFF,0xFF,
  0xFF,0x33,0x00,0x00,0x00,0x00,0x00,0x00,0x00,0x00,0x00,0x00,0x00,0x00,0x00,0x77,
  0xFF,0xFF,0xFF,0x33,0x00,0x00,0x00,0x00,0x00,0x00,0x00,0x00,0x00,0x00,0x00,0x00,
  0x00,0x77,0xFF,0xFF,0xFF,0x33,0x00,0x00,0x00,0x00,0x00,0x00,0x00,0x00,0x00,0x00,
  0x00,0x00,0x00,0x77,0xFF,0xFF,0xFF,0x33,0x00,0x00,0x00,0x00,0x00,0x00,0x00,0x00,
  0x00,0x00,0x00,0x00,0x00,0x77,0xFF,0xFF,0xFF,0x33,0x00,0x00,0x00,0x00,0x00,0x00,
  0x00,0x00,0x00,0x00,0x00,0x00,0x00,0x77,0xFF,0xFF,0xFF,0x33,0x00,0x00,0x00,0x00,
  0x00,0x00,0x00,0x00,0x00,0x00,0x00,0x00,0x00,0x77,0xFF,0xFF,0xFF,0x33,0x00,0x00,
  0x00,0x00,0x00,0x00,0x00,0x00,0x00,0x00,0x00,0x00,0x00,0x7E,0xFF,0xFF,0xFF,0x32,
  0x00,0x00,0x00,0x00,0x00,0x00,0x00,0x00,0x00,0x00,0x00,0x00,0x00,0x96,0xFF,0xFF,
  0xFF,0x26,0x00,0x00,0x00,0x00,0x00,0x00,0x00,0x00,0x00,0x00,0x00,0x00,0x08,0xE4,
  0xFF,0xFF,0xFE,0x0D,0x19,0x5B,0x5B,0x5B,0x5B,0x5B,0x5B,0x5B,0x5B,0x5B,0x61,0x7B,
  0xD8,0xFF,0xFF,0xFF,0xCE,0x00,0x72,0xFF,0xFF,0xFF,0xFF,0xFF,0xFF,0xFF,0xFF,0xFF,
  0xFF,0xFF,0xFF,0xFF,0xFF,0xFF,0x46,0x00,0x73,0xFF,0xFF,0xFF,0xFF,0xFF,0xFF,0xFF,
  0xFF,0xFF,0xFF,0xFF,0xFF,0xFF,0xFD,0x8F,0x00,0x00,0x62,0xFF,0xFF,0xFF,0xFF,0xFF,
  0xFF,0xFF,0xFF,0xFF,0xFE,0xF3,0xDB,0xA4,0x2C,0x00,0x00,0x00,0x53,0xFF,0xFF,0xFC,
  0x31,0x00,0x00,0x00,0x00,0x00,0x00,0x00,0x00,0x00,0xA9,0xFF,0xFF,0xFF,0x56,0x00,
  0x63,0xFF,0xFF,0xFF,0x3F,0x00,0x00,0x00,0x00,0x00,0x00,0x00,0x00,0x6D,0xFF,0xFF,
  0xFF,0xB8,0x01,0x00,0x63,0xFF,0xFF,0xFF,0x3F,0x00,0x00,0x00,0x00,0x00,0x00,0x00,
  0x30,0xF8,0xFF,0xFF,0xE4,0x15,0x00,0x00,0x63,0xFF,0xFF,0xFF,0x3F,0x00,0x00,0x00,
  0x00,0x00,0x00,0x0C,0xD9,0xFF,0xFF,0xFB,0x3C,0x00,0x00,0x00,0x63,0xFF,0xFF,0xFF,
  0x3F,0x00,0x00,0x00,0x00,0x00,0x00,0xA2,0xFF,0xFF,0xFF,0x77,0x00,0x00,0x00,0x00,
  0x63,0xFF,0xFF,0xFF,0x3F,0x00,0x00,0x00,0x00,0x00,0x5F,0xFF,0xFF,0xFF,0xB6,0x01,
  0x00,0x00,0x00,0x00,0x63,0xFF,0xFF,0xFF,0x3F,0x00,0x00,0x00,0x07,0x5D,0xF7,0xFF,
  0xFF,0xE3,0x13,0x00,0x00,0x00,0x00,0x00,0x63,0xFF,0xFF,0xFF,0xFC,0xFB,0xFB,0xFC,
  0xFF,0xFF,0xFF,0xFF,0xF6,0x36,0x00,0x00,0x00,0x00,0x00,0x00,0x63,0xFF,0xFF,0xFF,
  0xFF,0xFF,0xFF,0xFF,0xFF,0xFF,0xFF,0xFF,0x9E,0x00,0x00,0x00,0x00,0x00,0x00,0x00,
  0x63,0xFF,0xFF,0xFF,0xFF,0xFF,0xFF,0xFF,0xFF,0xFF,0xFF,0xFF,0xFF,0x92,0x00,0x00,
  0x00,0x00,0x00,0x00,0x63,0xFF,0xFF,0xFF,0x3F,0x00,0x00,0x00,0x06,0x37,0xDC,0xFF,
  0xFF,0xFF,0x6F,0x00,0x00,0x00,0x00,0x00,0x63,0xFF,0xFF,0xFF,0x3F,0x00,0x00,0x00,
  0x00,0x00,0x1D,0xEB,0xFF,0xFF,0xFB,0x3D,0x00,0x00,0x00,0x00,0x63,0xFF,0xFF,0xFF,
  0x3F,0x00,0x00,0x00,0x00,0x00,0x00,0x44,0xFD,0xFF,0xFF,0xE7,0x1A,0x00,0x00,0x00,
  0x63,0xFF,0xFF,0xFF,0x3F,0x00,0x00,0x00,0x00,0x00,0x00,0x00,0x79,0xFF,0xFF,0xFF,
  0xC6,0x05,0x00,0x00,0x63,0xFF,0xFF,0xFF,0x3F,0x00,0x00,0x00,0x00,0x00,0x00,0x00,
  0x01,0xB0,0xFF,0xFF,0xFF,0x95,0x00,0x00,0x63,0xFF,0xFF,0xFF,0x3F,0x00,0x00,0x00,
  0x00,0x00,0x00,0x00,0x00,0x0F,0xDA,0xFF,0xFF,0xFF,0x5F,0x00,0x53,0xFF,0xFF,0xFD,
  0x31,0x00,0x00,0x00,0x00,0x00,0x00,0x00,0x00,0x00,0x2C,0xE3,0xFF,0xFF,0xF2,0x0B,
  0x5E,0xFF,0xFF,0xFB,0x27,0x00,0x00,0x00,0x00,0x00,0x00,0x00,0x00,0x00,0x00,0x00,
  0x00,0x00,0x6F,0xFF,0xFF,0xFF,0x33,0x00,0x00,0x00,0x00,0x00,0x00,0x00,0x00,0x00,
  0x00,0x00,0x00,0x00,0x6F,0xFF,0xFF,0xFF,0x33,0x00,0x00,0x00,0x00,0x00,0x00,0x00,
  0x00,0x00,0x00,0x00,0x00,0x00,0x6F,0xFF,0xFF,0xFF,0x33,0x00,0x00,0x00,0x00,0x00,
  0x00,0x00,0x00,0x00,0x00,0x00,0x00,0x00,0x6F,0xFF,0xFF,0xFF,0x33,0x00,0x00,0x00,
  0x00,0x00,0x00,0x00,0x00,0x00,0x00,0x00,0x00,0x00,0x6F,0xFF,0xFF,0xFF,0x33,0x00,
  0x00,0x00,0x00,0x00,0x00,0x00,0x00,0x00,0x00,0x00,0x00,0x00,0x6F,0xFF,0xFF,0xFF,
  0x33,0x00,0x00,0x00,0x00,0x00,0x00,0x00,0x00,0x00,0x00,0x00,0x00,0x00,0x6F,0xFF,
  0xFF,0xFF,0x33,0x00,0x00,0x00,0x00,0x00,0x00,0x00,0x00,0x00,0x00,0x00,0x00,0x00,
  0x6F,0xFF,0xFF,0xFF,0x33,0x00,0x00,0x00,0x00,0x00,0x00,0x00,0x00,0x00,0x00,0x00,
  0x00,0x00,0x6F,0xFF,0xFF,0xFF,0x33,0x00,0x00,0x00,0x00,0x00,0x00,0x00,0x00,0x00,
  0x00,0x00,0x00,0x00,0x6E,0xFF,0xFF,0xFF,0x39,0x00,0x00,0x00,0x00,0x00,0x00,0x00,
  0x00,0x00,0x00,0x00,0x00,0x00,0x63,0xFF,0xFF,0xFF,0x50,0x00,0x00,0x00,0x00,0x00,
  0x00,0x00,0x00,0x00,0x00,0x00,0x00,0x00,0x4A,0xFF,0xFF,0xFF,0xA7,0x00,0x00,0x00,
  0x00,0x00,0x00,0x00,0x00,0x00,0x00,0x00,0x00,0x00,0x14,0xF8,0xFF,0xFF,0xFF,0xB8,
  0x73,0x5E,0x5B,0x5B,0x5B,0x5B,0x5B,0x5B,0x5B,0x5B,0x5B,0x2A,0x00,0x85,0xFF,0xFF,
  0xFF,0xFF,0xFF,0xFF,0xFF,0xFF,0xFF,0xFF,0xFF,0xFF,0xFF,0xFF,0xFF,0xA2,0x00,0x0B,
  0xC1,0xFF,0xFF,0xFF,0xFF,0xFF,0xFF,0xFF,0xFF,0xFF,0xFF,0xFF,0xFF,0xFF,0xFF,0xA3,
  0x00,0x00,0x00,0x4C,0xB6,0xE4,0xF6,0xFF,0xFF,0xFF,0xFF,0xFF,0xFF,0xFF,0xFF,0xFF,
  0xFF,0x92,0x07,0xBB,0xF8,0xFF,0xFF,0xFC,0xD6,0x30,0x00,0x00,0x00,0x00,0x00,0x00,
  0x00,0x00,0x00,0x00,0x00,0x66,0xE9,0xFE,0xFF,0xFF,0xEE,0x75,0x00,0x4B,0xFF,0xFF,
  0xFF,0xFF,0xFF,0xFF,0xCA,0x00,0x00,0x00,0x00,0x00,0x00,0x00,0x00,0x00,0x00,0x1A,
  0xF9,0xFF,0xFF,0xFF,0xFF,0xFF,0xF7,0x01,0x61,0xFF,0xFF,0xFF,0xFF,0xFF,0xFF,0xFF,
  0x3C,0x00,0x00,0x00,0x00,0x00,0x00,0x00,0x00,0x00,0x84,0xFF,0xFF,0xFF,0xFF,0xFF,
  0xFF,0xFF,0x10,0x63,0xFF,0xFF,0xFF,0xA2,0xFE,0xFF,0xFF,0xA7,0x00,0x00,0x00,0x00,
  0x00,0x00,0x00,0x00,0x06,0xE8,0xFF,0xFF,0xDD,0xC4,0xFF,0xFF,0xFF,0x13,0x63,0xFF,
  0xFF,0xFF,0x2F,0xB6,0xFF,0xFF,0xFA,0x18,0x00,0x00,0x00,0x00,0x00,0x00,0x00,0x5A,
  0xFF,0xFF,0xFF,0x62,0x87,0xFF,0xFF,0xFF,0x13,0x63,0xFF,0xFF,0xFF,0x2F,0x48,0xFF,
  0xFF,0xFF,0x7E,0x00,0x00,0x00,0x00,0x00,0x00,0x00,0xC4,0xFF,0xFF,0xED,0x09,0x87,
  0xFF,0xFF,0xFF,0x13,0x63,0xFF,0xFF,0xFF,0x2F,0x01,0xD9,0xFF,0xFF,0xE5,0x04,0x00,
  0x00,0x00,0x00,0x00,0x2F,0xFF,0xFF,0xFF,0x89,0x00,0x87,0xFF,0xFF,0xFF,0x13,0x63,
  0xFF,0xFF,0xFF,0x2F,0x00,0x6D,0xFF,0xFF,0xFF,0x54,0x00,0x00,0x00,0x00,0x00,0x9A,
  0xFF,0xFF,0xFD,0x20,0x00,0x87,0xFF,0xFF,0xFF,0x13,0x63,0xFF,0xFF,0xFF,0x2F,0x00,
  0x0D,0xF2,0xFF,0xFF,0xC0,0x00,0x00,0x00,0x00,0x0F,0xF4,0xFF,0xFF,0xB1,0x00,0x00,
  0x87,0xFF,0xFF,0xFF,0x13,0x63,0xFF,0xFF,0xFF,0x2F,0x00,0x00,0x92,0xFF,0xFF,0xFF,
  0x2C,0x00,0x00,0x00,0x6F,0xFF,0xFF,0xFF,0x45,0x00,0x00,0x87,0xFF,0xFF,0xFF,0x13,
  0x63,0xFF,0xFF,0xFF,0x2F,0x00,0x00,0x26,0xFE,0xFF,0xFF,0x97,0x00,0x00,0x01,0xD8,
  0xFF,0xFF,0xD9,0x01,0x00,0x00,0x87,0xFF,0xFF,0xFF,0x13,0x63,0xFF,0xFF,0xFF,0x2F,
  0x00,0x00,0x00,0xB7,0xFF,0xFF,0xF3,0x0E,0x00,0x44,0xFF,0xFF,0xFF,0x6D,0x00,0x00,
  0x00,0x87,0xFF,0xFF,0xFF,0x13,0x63,0xFF,0xFF,0xFF,0x2F,0x00,0x00,0x00,0x49,0xFF,
  0xFF,0xFF,0x6D,0x00,0xAF,0xFF,0xFF,0xF3,0x0E,0x00,0x00,0x00,0x87,0xFF,0xFF,0xFF,
  0x13,0x63,0xFF,0xFF,0xFF,0x2F,0x00,0x00,0x00,0x01,0xDA,0xFF,0xFF,0xDB,0x4E,0xFC,
  0xFF,0xFF,0x95,0x00,0x00,0x00,0x00,0x87,0xFF,0xFF,0xFF,0x13,0x63,0xFF,0xFF,0xFF,
  0x2F,0x00,0x00,0x00,0x00,0x6D,0xFF,0xFF,0xFF,0xFF,0xFF,0xFF,0xFE,0x2A,0x00,0x00,
  0x00,0x00,0x87,0xFF,0xFF,0xFF,0x13,0x63,0xFF,0xFF,0xFF,0x2F,0x00,0x00,0x00,0x00,
  0x09,0xE4,0xFF,0xFF,0xFF,0xFF,0xFF,0xAB,0x00,0x00,0x00,0x00,0x00,0x87,0xFF,0xFF,
  0xFF,0x13,0x53,0xFF,0xFF,0xFB,0x23,0x00,0x00,0x00,0x00,0x00,0x30,0xC9,0xF9,0xFF,
  0xF3,0xAE,0x10,0x00,0x00,0x00,0x00,0x00,0x75,0xFF,0xFF,0xF5,0x0B,0x03,0xAE,0xF6,
  0xFF,0xFF,0xF4,0xB0,0x0A,0x00,0x00,0x00,0x00,0x00,0x00,0x00,0x00,0x00,0xB2,0xFF,
  0xFF,0xCA,0x44,0xFF,0xFF,0xFF,0xFF,0xFF,0xFF,0xB5,0x01,0x00,0x00,0x00,0x00,0x00,
  0x00,0x00,0x00,0xC3,0xFF,0xFF,0xDB,0x60,0xFF,0xFF,0xFF,0xFF,0xFF,0xFF,0xFF,0x78,
  0x00,0x00,0x00,0x00,0x00,0x00,0x00,0x00,0xC3,0xFF,0xFF,0xDB,0x63,0xFF,0xFF,0xFF,
  0xA4,0xF6,0xFF,0xFF,0xFB,0x3A,0x00,0x00,0x00,0x00,0x00,0x00,0x00,0xC3,0xFF,0xFF,
  0xDB,0x63,0xFF,0xFF,0xFF,0x3B,0x65,0xFF,0xFF,0xFF,0xE1,0x11,0x00,0x00,0x00,0x00,
  0x00,0x00,0xC3,0xFF,0xFF,0xDB,0x63,0xFF,0xFF,0xFF,0x3B,0x00,0xA8,0xFF,0xFF,0xFF,
  0xB0,0x00,0x00,0x00,0x00,0x00,0x00,0xC3,0xFF,0xFF,0xDB,0x63,0xFF,0xFF,0xFF,0x3B,
  0x00,0x0E,0xDC,0xFF,0xFF,0xFF,0x6D,0x00,0x00,0x00,0x00,0x00,0xC3,0xFF,0xFF,0xDB,
  0x63,0xFF,0xFF,0xFF,0x3B,0x00,0x00,0x33,0xF9,0xFF,0xFF,0xF9,0x32,0x00,0x00,0x00,
  0x00,0xC3,0xFF,0xFF,0xDB,0x63,0xFF,0xFF,0xFF,0x3B,0x00,0x00,0x00,0x6D,0xFF,0xFF,
  0xFF,0xDB,0x0D,0x00,0x00,0x00,0xC3,0xFF,0xFF,0xDB,0x63,0xFF,0xFF,0xFF,0x3B,0x00,
  0x00,0x00,0x00,0xAF,0xFF,0xFF,0xFF,0xA5,0x00,0x00,0x00,0xC3,0xFF,0xFF,0xDB,0x63,
  0xFF,0xFF,0xFF,0x3B,0x00,0x00,0x00,0x00,0x11,0xE0,0xFF,0xFF,0xFF,0x63,0x00,0x00,
  0xC3,0xFF,0xFF,0xDB,0x63,0xFF,0xFF,0xFF,0x3B,0x00,0x00,0x00,0x00,0x00,0x38,0xFB,
  0xFF,0xFF,0xF5,0x2A,0x00,0xC3,0xFF,0xFF,0xDB,0x63,0xFF,0xFF,0xFF,0x3B,0x00,0x00,
  0x00,0x00,0x00,0x00,0x75,0xFF,0xFF,0xFF,0xD4,0x09,0xC3,0xFF,0xFF,0xDB,0x63,0xFF,
  0xFF,0xFF,0x3B,0x00,0x00,0x00,0x00,0x00,0x00,0x01,0xB6,0xFF,0xFF,0xFF,0xB5,0xE5,
  0xFF,0xFF,0xDB,0x63,0xFF,0xFF,0xFF,0x3B,0x00,0x00,0x00,0x00,0x00,0x00,0x00,0x14,
  0xE5,0xFF,0xFF,0xFF,0xFF,0xFF,0xFF,0xD8,0x63,0xFF,0xFF,0xFF,0x3B,0x00,0x00,0x00,
  0x00,0x00,0x00,0x00,0x00,0x3E,0xFA,0xFF,0xFF,0xFF,0xFF,0xFF,0xBA,0x53,0xFF,0xFF,
  0xFC,0x2D,0x00,0x00,0x00,0x00,0x00,0x00,0x00,0x00,0x00,0x56,0xE3,0xFD,0xFF,0xFE,
  0xDF,0x3F,0x00,0x00,0x02,0x5C,0xBB,0xE5,0xF6,0xFF,0xFF,0xFF,0xFF,0xFF,0xFF,0xFF,
  0xFE,0xF2,0xDB,0xA7,0x32,0x00,0x00,0x00,0x00,0x1B,0xD1,0xFF,0xFF,0xFF,0xFF,0xFF,
  0xFF,0xFF,0xFF,0xFF,0xFF,0xFF,0xFF,0xFF,0xFF,0xFF,0xFE,0x9C,0x00,0x00,0x00,0xA7,
  0xFF,0xFF,0xFF,0xFF,0xFF,0xFF,0xFF,0xFF,0xFF,0xFF,0xFF,0xFF,0xFF,0xFF,0xFF,0xFF,
  0xFF,0xFF,0x53,0x00,0x2F,0xFF,0xFF,0xFF,0xFC,0xA1,0x6B,0x58,0x57,0x57,0x57,0x57,
  0x57,0x57,0x5C,0x75,0xCD,0xFF,0xFF,0xFF,0xDB,0x00,0x6D,0xFF,0xFF,0xFF,0x7C,0x00,
  0x00,0x00,0x00,0x00,0x00,0x00,0x00,0x00,0x00,0x00,0x02,0xD7,0xFF,0xFF,0xFF,0x18,
  0x87,0xFF,0xFF,0xFF,0x2B,0x00,0x00,0x00,0x00,0x00,0x00,0x00,0x00,0x00,0x00,0x00,
  0x00,0x88,0xFF,0xFF,0xFF,0x32,0x92,0xFF,0xFF,0xFF,0x14,0x00,0x00,0x00,0x00,0x00,
  0x00,0x00,0x00,0x00,0x00,0x00,0x00,0x71,0xFF,0xFF,0xFF,0x3E,0x93,0xFF,0xFF,0xFF,
  0x0F,0x00,0x00,0x00,0x00,0x00,0x00,0x00,0x00,0x00,0x00,0x00,0x00,0x6B,0xFF,0xFF,
  0xFF,0x3F,0x93,0xFF,0xFF,0xFF,0x0F,0x00,0x00,0x00,0x00,0x00,0x00,0x00,0x00,0x00,
  0x00,0x00,0x00,0x6B,0xFF,0xFF,0xFF,0x3F,0x93,0xFF,0xFF,0xFF,0x0F,0x00,0x00,0x00,
  0x00,0x00,0x00,0x00,0x00,0x00,0x00,0x00,0x00,0x6B,0xFF,0xFF,0xFF,0x3F,0x92,0xFF,
  0xFF,0xFF,0x14,0x00,0x00,0x00,0x00,0x00,0x00,0x00,0x00,0x00,0x00,0x00,0x00,0x71,
  0xFF,0xFF,0xFF,0x3E,0x87,0xFF,0xFF,0xFF,0x2B,0x00,0x00,0x00,0x00,0x00,0x00,0x00,
  0x00,0x00,0x00,0x00,0x00,0x88,0xFF,0xFF,0xFF,0x32,0x6D,0xFF,0xFF,0xFF,0x7B,0x00,
  0x00,0x00,0x00,0x00,0x00,0x00,0x00,0x00,0x00,0x00,0x02,0xD6,0xFF,0xFF,0xFF,0x18,
  0x30,0xFF,0xFF,0xFF,0xFC,0x9F,0x6A,0x58,0x57,0x57,0x57,0x57,0x57,0x57,0x5C,0x74,
  0xCC,0xFF,0xFF,0xFF,0xDB,0x00,0x00,0xA7,0xFF,0xFF,0xFF,0xFF,0xFF,0xFF,0xFF,0xFF,
  0xFF,0xFF,0xFF,0xFF,0xFF,0xFF,0xFF,0xFF,0xFF,0xFF,0x54,0x00,0x00,0x1C,0xD1,0xFF,
  0xFF,0xFF,0xFF,0xFF,0xFF,0xFF,0xFF,0xFF,0xFF,0xFF,0xFF,0xFF,0xFF,0xFF,0xFE,0x9D,
  0x00,0x00,0x00,0x00,0x02,0x5D,0xBD,0xE8,0xF8,0xFF,0xFF,0xFF,0xFF,0xFF,0xFF,0xFF,
  0xFE,0xF4,0xDD,0xA8,0x33,0x00,0x00,0x00,0x47,0xFB,0xFF,0xFF,0xFF,0xFF,0xFF,0xFF,
  0xFF,0xFF,0xFF,0xFF,0xFF,0xFF,0xF4,0xD1,0xA2,0x22,0x00,0x00,0x63,0xFF,0xFF,0xFF,
  0xFF,0xFF,0xFF,0xFF,0xFF,0xFF,0xFF,0xFF,0xFF,0xFF,0xFF,0xFF,0xFF,0xF7,0x43,0x00,
  0x63,0xFF,0xFF,0xFF,0xFF,0xFF,0xFF,0xFF,0xFF,0xFF,0xFF,0xFF,0xFF,0xFF,0xFF,0xFF,
  0xFF,0xFF,0xD6,0x03,0x63,0xFF,0xFF,0xFF,0x88,0x4F,0x4F,0x4F,0x4F,0x4F,0x4F,0x4F,
  0x4F,0x55,0x82,0xF5,0xFF,0xFF,0xFF,0x26,0x63,0xFF,0xFF,0xFF,0x3F,0x00,0x00,0x00,
  0x00,0x00,0x00,0x00,0x00,0x00,0x00,0x81,0xFF,0xFF,0xFF,0x48,0x63,0xFF,0xFF,0xFF,
  0x3F,0x00,0x00,0x00,0x00,0x00,0x00,0x00,0x00,0x00,0x00,0x54,0xFF,0xFF,0xFF,0x5B,
  0x63,0xFF,0xFF,0xFF,0x3F,0x00,0x00,0x00,0x00,0x00,0x00,0x00,0x00,0x00,0x00,0x53,
  0xFF,0xFF,0xFF,0x5B,0x63,0xFF,0xFF,0xFF,0x3F,0x00,0x00,0x00,0x00,0x00,0x00,0x00,
  0x00,0x00,0x00,0x7B,0xFF,0xFF,0xFF,0x45,0x63,0xFF,0xFF,0xFF,0x72,0x43,0x43,0x43,
  0x43,0x43,0x43,0x43,0x43,0x48,0x74,0xF1,0xFF,0xFF,0xFF,0x23,0x63,0xFF,0xFF,0xFF,
  0xFF,0xFF,0xFF,0xFF,0xFF,0xFF,0xFF,0xFF,0xFF,0xFF,0xFF,0xFF,0xFF,0xFF,0xCF,0x02,
  0x63,0xFF,0xFF,0xFF,0xFF,0xFF,0xFF,0xFF,0xFF,0xFF,0xFF,0xFF,0xFF,0xFF,0xFF,0xFF,
  0xFF,0xF5,0x3D,0x00,0x63,0xFF,0xFF,0xFF,0xFF,0xFF,0xFF,0xFF,0xFF,0xFF,0xFF,0xFF,
  0xFF,0xFF,0xF4,0xD0,0x9F,0x1E,0x00,0x00,0x63,0xFF,0xFF,0xFF,0x3F,0x00,0x00,0x00,
  0x00,0x00,0x00,0x00,0x00,0x00,0x00,0x00,0x00,0x00,0x00,0x00,0x63,0xFF,0xFF,0xFF,
  0x3F,0x00,0x00,0x00,0x00,0x00,0x00,0x00,0x00,0x00,0x00,0x00,0x00,0x00,0x00,0x00,
  0x63,0xFF,0xFF,0xFF,0x3F,0x00,0x00,0x00,0x00,0x00,0x00,0x00,0x00,0x00,0x00,0x00,
  0x00,0x00,0x00,0x00,0x63,0xFF,0xFF,0xFF,0x3F,0x00,0x00,0x00,0x00,0x00,0x00,0x00,
  0x00,0x00,0x00,0x00,0x00,0x00,0x00,0x00,0x53,0xFF,0xFF,0xFD,0x32,0x00,0x00,0x00,
  0x00,0x00,0x00,0x00,0x00,0x00,0x00,0x00,0x00,0x00,0x00,0x00,0x00,0x00,0x01,0x57,
  0xB9,0xE5,0xF6,0xFF,0xFF,0xFF,0xFF,0xFF,0xFF,0xFF,0xFE,0xF1,0xDA,0xA5,0x2E,0x00,
  0x00,0x00,0x00,0x18,0xC9,0xFF,0xFF,0xFF,0xFF,0xFF,0xFF,0xFF,0xFF,0xFF,0xFF,0xFF,
  0xFF,0xFF,0xFF,0xFF,0xFD,0x93,0x00,0x00,0x00,0x9E,0xFF,0xFF,0xFF,0xFF,0xFF,0xFF,
  0xFF,0xFF,0xFF,0xFF,0xFF,0xFF,0xFF,0xFF,0xFF,0xFF,0xFF,0xFF,0x4A,0x00,0x28,0xFD,
  0xFF,0xFF,0xFD,0xA3,0x6C,0x58,0x57,0x57,0x57,0x57,0x57,0x57,0x5D,0x76,0xD0,0xFF,
  0xFF,0xFF,0xD3,0x00,0x68,0xFF,0xFF,0xFF,0x82,0x00,0x00,0x00,0x00,0x00,0x00,0x00,
  0x00,0x00,0x00,0x00,0x04,0xDC,0xFF,0xFF,0xFF,0x13,0x85,0xFF,0xFF,0xFF,0x2D,0x00,
  0x00,0x00,0x00,0x00,0x00,0x00,0x00,0x00,0x00,0x00,0x00,0x8B,0xFF,0xFF,0xFF,0x30,
  0x92,0xFF,0xFF,0xFF,0x17,0x00,0x00,0x00,0x00,0x00,0x00,0x00,0x00,0x00,0x00,0x00,
  0x00,0x73,0xFF,0xFF,0xFF,0x3D,0x93,0xFF,0xFF,0xFF,0x0F,0x00,0x00,0x00,0x00,0x00,
  0x00,0x00,0x00,0x00,0x00,0x00,0x00,0x6B,0xFF,0xFF,0xFF,0x3F,0x93,0xFF,0xFF,0xFF,
  0x0F,0x00,0x00,0x00,0x00,0x00,0x00,0x00,0x00,0x00,0x00,0x00,0x00,0x6B,0xFF,0xFF,
  0xFF,0x3F,0x93,0xFF,0xFF,0xFF,0x0F,0x00,0x00,0x00,0x00,0x00,0x00,0x00,0x00,0x00,
  0x00,0x00,0x00,0x6B,0xFF,0xFF,0xFF,0x3F,0x92,0xFF,0xFF,0xFF,0x16,0x00,0x00,0x00,
  0x00,0x00,0x00,0x00,0x00,0x00,0x00,0x00,0x00,0x73,0xFF,0xFF,0xFF,0x3B,0x86,0xFF,
  0xFF,0xFF,0x2D,0x00,0x00,0x00,0x00,0x00,0x00,0x00,0x00,0x00,0x00,0x00,0x00,0x8A,
  0xFF,0xFF,0xFF,0x23,0x69,0xFF,0xFF,0xFF,0x81,0x00,0x00,0x00,0x00,0x00,0x00,0x00,
  0x00,0x00,0x00,0x00,0x03,0xDB,0xFF,0xFF,0xFF,0x0A,0x29,0xFE,0xFF,0xFF,0xFD,0xA2,
  0x6A,0x58,0x57,0x57,0x57,0x57,0x57,0x57,0x5C,0x74,0xCF,0xFF,0xFF,0xFF,0xCC,0x00,
  0x00,0x9F,0xFF,0xFF,0xFF,0xFF,0xFF,0xFF,0xFF,0xFF,0xFF,0xFF,0xFF,0xFF,0xFF,0xFF,
  0xFF,0xFF,0xFF,0xFF,0x5D,0x00,0x00,0x18,0xCC,0xFF,0xFF,0xFF,0xFF,0xFF,0xFF,0xFF,
  0xFF,0xFF,0xFF,0xFF,0xFF,0xFF,0xFF,0xFF,0xFF,0x8D,0x02,0x00,0x00,0x00,0x01,0x5A,
  0xBC,0xE7,0xF8,0xFF,0xFF,0xFF,0xFF,0xFF,0xFF,0xFF,0xFF,0xFF,0xE9,0x96,0x44,0x00,
  0x00,0x00,0x00,0x00,0x00,0x00,0x00,0x00,0x00,0x00,0x00,0x00,0x00,0x00,0x47,0xFF,
  0xFF,0xFF,0xE2,0x0F,0x00,0x00,0x00,0x00,0x00,0x00,0x00,0x00,0x00,0x00,0x00,0x00,
  0x00,0x00,0x00,0x00,0x00,0x99,0xFF,0xFF,0xFF,0xA3,0x00,0x00,0x00,0x00,0x00,0x00,
  0x00,0x00,0x00,0x00,0x00,0x00,0x00,0x00,0x00,0x00,0x00,0x0D,0xE0,0xFF,0xFF,0xFF,
  0x56,0x00,0x00,0x00,0x00,0x00,0x00,0x00,0x00,0x00,0x00,0x00,0x00,0x00,0x00,0x00,
  0x00,0x00,0x41,0xFE,0xFF,0xFF,0xED,0x18,0x00,0x00,0x00,0x00,0x00,0x00,0x00,0x00,
  0x00,0x00,0x00,0x00,0x00,0x00,0x00,0x00,0x00,0x4C,0x7F,0x7F,0x7F,0x1E,0x00,0x00,
  0x47,0xFB,0xFF,0xFF,0xFF,0xFF,0xFF,0xFF,0xFF,0xFF,0xFF,0xFF,0xFF,0xFF,0xF4,0xD1,
  0xA1,0x21,0x00,0x00,0x00,0x63,0xFF,0xFF,0xFF,0xFF,0xFF,0xFF,0xFF,0xFF,0xFF,0xFF,
  0xFF,0xFF,0xFF,0xFF,0xFF,0xFF,0xF7,0x40,0x00,0x00,0x63,0xFF,0xFF,0xFF,0xFF,0xFF,
  0xFF,0xFF,0xFF,0xFF,0xFF,0xFF,0xFF,0xFF,0xFF,0xFF,0xFF,0xFF,0xD4,0x02,0x00,0x63,
  0xFF,0xFF,0xFF,0x87,0x4F,0x4F,0x4F,0x4F,0x4F,0x4F,0x4F,0x4F,0x54,0x81,0xF5,0xFF,
  0xFF,0xFF,0x23,0x00,0x63,0xFF,0xFF,0xFF,0x3F,0x00,0x00,0x00,0x00,0x00,0x00,0x00,
  0x00,0x00,0x00,0x81,0xFF,0xFF,0xFF,0x46,0x00,0x63,0xFF,0xFF,0xFF,0x3F,0x00,0x00,
  0x00,0x00,0x00,0x00,0x00,0x00,0x00,0x00,0x55,0xFF,0xFF,0xFF,0x5B,0x00,0x63,0xFF,
  0xFF,0xFF,0x3F,0x00,0x00,0x00,0x00,0x00,0x00,0x00,0x00,0x00,0x00,0x51,0xFF,0xFF,
  0xFF,0x58,0x00,0x63,0xFF,0xFF,0xFF,0x3F,0x00,0x00,0x00,0x00,0x00,0x00,0x00,0x00,
  0x00,0x00,0x70,0xFF,0xFF,0xFF,0x3F,0x00,0x63,0xFF,0xFF,0xFF,0x5A,0x23,0x23,0x23,
  0x23,0x23,0x23,0x23,0x23,0x28,0x52,0xE4,0xFF,0xFF,0xFE,0x1B,0x00,0x63,0xFF,0xFF,
  0xFF,0xFF,0xFF,0xFF,0xFF,0xFF,0xFF,0xFF,0xFF,0xFF,0xFF,0xFF,0xFF,0xFF,0xFF,0xB3,
  0x00,0x00,0x63,0xFF,0xFF,0xFF,0xFF,0xFF,0xFF,0xFF,0xFF,0xFF,0xFF,0xFF,0xFF,0xFF,
  0xFF,0xFF,0xFF,0xD6,0x19,0x00,0x00,0x63,0xFF,0xFF,0xFF,0xFF,0xFF,0xFF,0xFF,0xFF,
  0xFF,0xFF,0xFF,0xFF,0xFF,0xFF,0xFC,0x61,0x08,0x00,0x00,0x00,0x63,0xFF,0xFF,0xFF,
  0x3F,0x00,0x00,0x00,0x00,0x00,0x00,0x03,0xB8,0xFF,0xFF,0xFF,0xA0,0x00,0x00,0x00,
  0x00,0x63,0xFF,0xFF,0xFF,0x3F,0x00,0x00,0x00,0x00,0x00,0x00,0x00,0x10,0xDA,0xFF,
  0xFF,0xFF,0x74,0x00,0x00,0x00,0x63,0xFF,0xFF,0xFF,0x3F,0x00,0x00,0x00,0x00,0x00,
  0x00,0x00,0x00,0x28,0xF1,0xFF,0xFF,0xFD,0x4C,0x00,0x00,0x63,0xFF,0xFF,0xFF,0x3F,
  0x00,0x00,0x00,0x00,0x00,0x00,0x00,0x00,0x00,0x4B,0xFD,0xFF,0xFF,0xF2,0x2C,0x00,
  0x53,0xFF,0xFF,0xFD,0x32,0x00,0x00,0x00,0x00,0x00,0x00,0x00,0x00,0x00,0x00,0x6E,
  0xF8,0xFF,0xFF,0xCA,0x00,0x00,0x14,0x95,0xD7,0xFA,0xFF,0xFF,0xFF,0xFF,0xFF,0xFF,
  0xFF,0xFF,0xFF,0xFF,0xFF,0xFF,0xB9,0x00,0x09,0xDB,0xFF,0xFF,0xFF,0xFF,0xFF,0xFF,
  0xFF,0xFF,0xFF,0xFF,0xFF,0xFF,0xFF,0xFF,0xFF,0xCB,0x00,0x6D,0xFF,0xFF,0xFF,0xFF,
  0xFF,0xFF,0xFF,0xFF,0xFF,0xFF,0xFF,0xFF,0xFF,0xFF,0xFF,0xFF,0xCA,0x00,0x9B,0xFF,
  0xFF,0xFF,0xAA,0x5A,0x57,0x57,0x57,0x57,0x57,0x57,0x57,0x57,0x57,0x57,0x57,0x34,
  0x00,0xAF,0xFF,0xFF,0xFD,0x0F,0x00,0x00,0x00,0x00,0x00,0x00,0x00,0x00,0x00,0x00,
  0x00,0x00,0x00,0x00,0xAF,0xFF,0xFF,0xFA,0x01,0x00,0x00,0x00,0x00,0x00,0x00,0x00,
  0x00,0x00,0x00,0x00,0x00,0x00,0x00,0x96,0xFF,0xFF,0xFF,0x57,0x02,0x00,0x00,0x00,
  0x00,0x00,0x00,0x00,0x00,0x00,0x00,0x00,0x00,0x00,0x6A,0xFF,0xFF,0xFF,0xFF,0xFF,
  0xFF,0xFF,0xFF,0xFF,0xFF,0xFF,0xFF,0xFF,0xF3,0xCB,0x6A,0x02,0x00,0x0A,0xE0,0xFF,
  0xFF,0xFF,0xFF,0xFF,0xFF,0xFF,0xFF,0xFF,0xFF,0xFF,0xFF,0xFF,0xFF,0xFF,0x92,0x00,
  0x00,0x21,0xB6,0xFA,0xFF,0xFF,0xFF,0xFF,0xFF,0xFF,0xFF,0xFF,0xFF,0xFF,0xFF,0xFF,
  0xFF,0xFD,0x20,0x00,0x00,0x00,0x04,0x22,0x27,0x27,0x27,0x27,0x27,0x27,0x27,0x27,
  0x31,0xAA,0xFF,0xFF,0xFF,0x4F,0x00,0x00,0x00,0x00,0x00,0x00,0x00,0x00,0x00,0x00,
  0x00,0x00,0x00,0x00,0x45,0xFF,0xFF,0xFF,0x6B,0x00,0x00,0x00,0x00,0x00,0x00,0x00,
  0x00,0x00,0x00,0x00,0x00,0x00,0x00,0x51,0xFF,0xFF,0xFF,0x6B,0x29,0x57,0x57,0x57,
  0x57,0x57,0x57,0x57,0x57,0x57,0x57,0x57,0x57,0x63,0xCE,0xFF,0xFF,0xFF,0x5B,0xA6,
  0xFF,0xFF,0xFF,0xFF,0xFF,0xFF,0xFF,0xFF,0xFF,0xFF,0xFF,0xFF,0xFF,0xFF,0xFF,0xFF,
  0xFF,0x2D,0xA7,0xFF,0xFF,0xFF,0xFF,0xFF,0xFF,0xFF,0xFF,0xFF,0xFF,0xFF,0xFF,0xFF,
  0xFF,0xFF,0xFF,0xA6,0x00,0x96,0xFF,0xFF,0xFF,0xFF,0xFF,0xFF,0xFF,0xFF,0xFF,0xFF,
  0xFF,0xFF,0xFF,0xF3,0xD0,0x74,0x06,0x00,0x62,0xFF,0xFF,0xFF,0xFF,0xFF,0xFF,0xFF,
  0xFF,0xFF,0xFF,0xFF,0xFF,0xFF,0xFF,0xFF,0xFF,0xFF,0xFF,0xFE,0x56,0x73,0xFF,0xFF,
  0xFF,0xFF,0xFF,0xFF,0xFF,0xFF,0xFF,0xFF,0xFF,0xFF,0xFF,0xFF,0xFF,0xFF,0xFF,0xFF,
  0xFF,0x67,0x72,0xFF,0xFF,0xFF,0xFF,0xFF,0xFF,0xFF,0xFF,0xFF,0xFF,0xFF,0xFF,0xFF,
  0xFF,0xFF,0xFF,0xFF,0xFF,0xFF,0x66,0x19,0x5B,0x5B,0x5B,0x5B,0x5B,0x5B,0x5B,0x96,
  0xFF,0xFF,0xFF,0x8A,0x5B,0x5B,0x5B,0x5B,0x5B,0x5B,0x5B,0x14,0x00,0x00,0x00,0x00,
  0x00,0x00,0x00,0x00,0x5B,0xFF,0xFF,0xFF,0x47,0x00,0x00,0x00,0x00,0x00,0x00,0x00,
  0x00,0x00,0x00,0x00,0x00,0x00,0x00,0x00,0x00,0x5B,0xFF,0xFF,0xFF,0x47,0x00,0x00,
  0x00,0x00,0x00,0x00,0x00,0x00,0x00,0x00,0x00,0x00,0x00,0x00,0x00,0x00,0x5B,0xFF,
  0xFF,0xFF,0x47,0x00,0x00,0x00,0x00,0x00,0x00,0x00,0x00,0x00,0x00,0x00,0x00,0x00,
  0x00,0x00,0x00,0x5B,0xFF,0xFF,0xFF,0x47,0x00,0x00,0x00,0x00,0x00,0x00,0x00,0x00,
  0x00,0x00,0x00,0x00,0x00,0x00,0x00,0x00,0x5B,0xFF,0xFF,0xFF,0x47,0x00,0x00,0x00,
  0x00,0x00,0x00,0x00,0x00,0x00,0x00,0x00,0x00,0x00,0x00,0x00,0x00,0x5B,0xFF,0xFF,
  0xFF,0x47,0x00,0x00,0x00,0x00,0x00,0x00,0x00,0x00,0x00,0x00,0x00,0x00,0x00,0x00,
  0x00,0x00,0x5B,0xFF,0xFF,0xFF,0x47,0x00,0x00,0x00,0x00,0x00,0x00,0x00,0x00,0x00,
  0x00,0x00,0x00,0x00,0x00,0x00,0x00,0x5B,0xFF,0xFF,0xFF,0x47,0x00,0x00,0x00,0x00,
  0x00,0x00,0x00,0x00,0x00,0x00,0x00,0x00,0x00,0x00,0x00,0x00,0x5B,0xFF,0xFF,0xFF,
  0x47,0x00,0x00,0x00,0x00,0x00,0x00,0x00,0x00,0x00,0x00,0x00,0x00,0x00,0x00,0x00,
  0x00,0x5B,0xFF,0xFF,0xFF,0x47,0x00,0x00,0x00,0x00,0x00,0x00,0x00,0x00,0x00,0x00,
  0x00,0x00,0x00,0x00,0x00,0x00,0x5B,0xFF,0xFF,0xFF,0x47,0x00,0x00,0x00,0x00,0x00,
  0x00,0x00,0x00,0x00,0x00,0x00,0x00,0x00,0x00,0x00,0x00,0x5B,0xFF,0xFF,0xFF,0x47,
  0x00,0x00,0x00,0x00,0x00,0x00,0x00,0x00,0x00,0x00,0x00,0x00,0x00,0x00,0x00,0x00,
  0x4B,0xFE,0xFF,0xFE,0x39,0x00,0x00,0x00,0x00,0x00,0x00,0x00,0x00,0x5E,0xFF,0xFF,
  0xFB,0x27,0x00,0x00,0x00,0x00,0x00,0x00,0x00,0x00,0x00,0x00,0x00,0x00,0xB6,0xFF,
  0xFF,0xD2,0x6F,0xFF,0xFF,0xFF,0x33,0x00,0x00,0x00,0x00,0x00,0x00,0x00,0x00,0x00,
  0x00,0x00,0x00,0xC7,0xFF,0xFF,0xE3,0x6F,0xFF,0xFF,0xFF,0x33,0x00,0x00,0x00,0x00,
  0x00,0x00,0x00,0x00,0x00,0x00,0x00,0x00,0xC7,0xFF,0xFF,0xE3,0x6F,0xFF,0xFF,0xFF,
  0x33,0x00,0x00,0x00,0x00,0x00,0x00,0x00,0x00,0x00,0x00,0x00,0x00,0xC7,0xFF,0xFF,
  0xE3,0x6F,0xFF,0xFF,0xFF,0x33,0x00,0x00,0x00,0x00,0x00,0x00,0x00,0x00,0x00,0x00,
  0x00,0x00,0xC7,0xFF,0xFF,0xE3,0x6F,0xFF,0xFF,0xFF,0x33,0x00,0x00,0x00,0x00,0x00,
  0x00,0x00,0x00,0x00,0x00,0x00,0x00,0xC7,0xFF,0xFF,0xE3,0x6F,0xFF,0xFF,0xFF,0x33,
  0x00,0x00,0x00,0x00,0x00,0x00,0x00,0x00,0x00,0x00,0x00,0x00,0xC7,0xFF,0xFF,0xE3,
  0x6F,0xFF,0xFF,0xFF,0x33,0x00,0x00,0x00,0x00,0x00,0x00,0x00,0x00,0x00,0x00,0x00,
  0x00,0xC7,0xFF,0xFF,0xE3,0x6F,0xFF,0xFF,0xFF,0x33,0x00,0x00,0x00,0x00,0x00,0x00,
  0x00,0x00,0x00,0x00,0x00,0x00,0xC7,0xFF,0xFF,0xE3,0x6F,0xFF,0xFF,0xFF,0x33,0x00,
  0x00,0x00,0x00,0x00,0x00,0x00,0x00,0x00,0x00,0x00,0x00,0xC7,0xFF,0xFF,0xE3,0x6E,
  0xFF,0xFF,0xFF,0x39,0x00,0x00,0x00,0x00,0x00,0x00,0x00,0x00,0x00,0x00,0x00,0x00,
  0xCE,0xFF,0xFF,0xE2,0x63,0xFF,0xFF,0xFF,0x50,0x00,0x00,0x00,0x00,0x00,0x00,0x00,
  0x00,0x00,0x00,0x00,0x00,0xE5,0xFF,0xFF,0xD6,0x4A,0xFF,0xFF,0xFF,0xA7,0x00,0x00,
  0x00,0x00,0x00,0x00,0x00,0x00,0x00,0x00,0x00,0x3A,0xFF,0xFF,0xFF,0xBC,0x14,0xF8,
  0xFF,0xFF,0xFF,0xB8,0x73,0x5E,0x5B,0x5B,0x5B,0x5B,0x5B,0x5B,0x67,0x8C,0xF1,0xFF,
  0xFF,0xFF,0x7F,0x00,0x85,0xFF,0xFF,0xFF,0xFF,0xFF,0xFF,0xFF,0xFF,0xFF,0xFF,0xFF,
  0xFF,0xFF,0xFF,0xFF,0xFF,0xFF,0xE9,0x0F,0x00,0x0B,0xC1,0xFF,0xFF,0xFF,0xFF,0xFF,
  0xFF,0xFF,0xFF,0xFF,0xFF,0xFF,0xFF,0xFF,0xFF,0xFF,0xEF,0x50,0x00,0x00,0x00,0x00,
  0x4C,0xB6,0xE4,0xF6,0xFF,0xFF,0xFF,0xFF,0xFF,0xFF,0xFF,0xFB,0xEF,0xCD,0x86,0x11,
  0x00,0x00,0x81,0xFF,0xFF,0xFD,0x6D,0x00,0x00,0x00,0x00,0x00,0x00,0x00,0x00,0x00,
  0x00,0x00,0x00,0x00,0x1B,0xE7,0xFF,0xFF,0xE1,0x00,0x19,0xF4,0xFF,0xFF,0xF0,0x12,
  0x00,0x00,0x00,0x00,0x00,0x00,0x00,0x00,0x00,0x00,0x00,0x00,0x9A,0xFF,0xFF,0xFF,
  0x6E,0x00,0x00,0x82,0xFF,0xFF,0xFF,0x8A,0x00,0x00,0x00,0x00,0x00,0x00,0x00,0x00,
  0x00,0x00,0x00,0x26,0xFB,0xFF,0xFF,0xDE,0x06,0x00,0x00,0x0D,0xEA,0xFF,0xFF,0xF7,
  0x1B,0x00,0x00,0x00,0x00,0x00,0x00,0x00,0x00,0x00,0x00,0xA9,0xFF,0xFF,0xFF,0x5B,
  0x00,0x00,0x00,0x00,0x6C,0xFF,0xFF,0xFF,0x9A,0x00,0x00,0x00,0x00,0x00,0x00,0x00,
  0x00,0x00,0x31,0xFE,0xFF,0xFF,0xD0,0x01,0x00,0x00,0x00,0x00,0x05,0xDB,0xFF,0xFF,
  0xFC,0x27,0x00,0x00,0x00,0x00,0x00,0x00,0x00,0x00,0xB7,0xFF,0xFF,0xFF,0x47,0x00,
  0x00,0x00,0x00,0x00,0x00,0x55,0xFF,0xFF,0xFF,0xAA,0x00,0x00,0x00,0x00,0x00,0x00,
  0x00,0x3E,0xFF,0xFF,0xFF,0xBF,0x00,0x00,0x00,0x00,0x00,0x00,0x00,0x00,0xC9,0xFF,
  0xFF,0xFE,0x34,0x00,0x00,0x00,0x00,0x00,0x00,0xC4,0xFF,0xFF,0xFF,0x36,0x00,0x00,
  0x00,0x00,0x00,0x00,0x00,0x00,0x3F,0xFF,0xFF,0xFF,0xBA,0x00,0x00,0x00,0x00,0x00,
  0x4C,0xFF,0xFF,0xFF,0xAB,0x00,0x00,0x00,0x00,0x00,0x00,0x00,0x00,0x00,0x00,0xB3,
  0xFF,0xFF,0xFF,0x43,0x00,0x00,0x00,0x02,0xD1,0xFF,0xFF,0xFB,0x26,0x00,0x00,0x00,
  0x00,0x00,0x00,0x00,0x00,0x00,0x00,0x2B,0xFC,0xFF,0xFF,0xCB,0x00,0x00,0x00,0x5B,
  0xFF,0xFF,0xFF,0x97,0x00,0x00,0x00,0x00,0x00,0x00,0x00,0x00,0x00,0x00,0x00,0x00,
  0x9D,0xFF,0xFF,0xFF,0x53,0x00,0x05,0xDC,0xFF,0xFF,0xF5,0x19,0x00,0x00,0x00,0x00,
  0x00,0x00,0x00,0x00,0x00,0x00,0x00,0x00,0x1B,0xF6,0xFF,0xFF,0xD8,0x03,0x69,0xFF,
  0xFF,0xFF,0x84,0x00,0x00,0x00,0x00,0x00,0x00,0x00,0x00,0x00,0x00,0x00,0x00,0x00,
  0x00,0x86,0xFF,0xFF,0xFF,0x94,0xE7,0xFF,0xFF,0xEC,0x0F,0x00,0x00,0x00,0x00,0x00,
  0x00,0x00,0x00,0x00,0x00,0x00,0x00,0x00,0x00,0x0F,0xEC,0xFF,0xFF,0xFF,0xFF,0xFF,
  0xFF,0x71,0x00,0x00,0x00,0x00,0x00,0x00,0x00,0x00,0x00,0x00,0x00,0x00,0x00,0x00,
  0x00,0x00,0x67,0xFF,0xFF,0xFF,0xFF,0xFF,0xD7,0x07,0x00,0x00,0x00,0x00,0x00,0x00,
  0x00,0x00,0x00,0x00,0x00,0x00,0x00,0x00,0x00,0x00,0x01,0x80,0xD9,0xFF,0xF8,0xBC,
  0x27,0x00,0x00,0x00,0x00,0x00,0x00,0x00,0x00,0x00,0x70,0xFF,0xFF,0xFD,0x39,0x00,
  0x00,0x00,0x00,0x00,0x00,0x00,0x0E,0xC4,0xFD,0xFF,0xFE,0xD0,0x29,0x00,0x00,0x00,
  0x00,0x00,0x00,0x00,0x11,0xF1,0xFF,0xFF,0xAE,0x2E,0xFF,0xFF,0xFF,0x8D,0x00,0x00,
  0x00,0x00,0x00,0x00,0x00,0x84,0xFF,0xFF,0xFF,0xFF,0xFF,0xB3,0x00,0x00,0x00,0x00,
  0x00,0x00,0x00,0x58,0xFF,0xFF,0xFF,0x6D,0x00,0xE0,0xFF,0xFF,0xDA,0x00,0x00,0x00,
  0x00,0x00,0x00,0x00,0xDB,0xFF,0xFF,0xFF,0xFF,0xFF,0xFA,0x11,0x00,0x00,0x00,0x00,
  0x00,0x00,0xA4,0xFF,0xFF,0xFF,0x1F,0x00,0x92,0xFF,0xFF,0xFF,0x27,0x00,0x00,0x00,
  0x00,0x00,0x2D,0xFF,0xFF,0xFF,0xA6,0xFF,0xFF,0xFF,0x5E,0x00,0x00,0x00,0x00,0x00,
  0x03,0xED,0xFF,0xFF,0xCE,0x00,0x00,0x44,0xFF,0xFF,0xFF,0x74,0x00,0x00,0x00,0x00,
  0x00,0x7E,0xFF,0xFF,0xFB,0x11,0xD9,0xFF,0xFF,0xB0,0x00,0x00,0x00,0x00,0x00,0x3C,
  0xFF,0xFF,0xFF,0x7F,0x00,0x00,0x05,0xF1,0xFF,0xFF,0xC1,0x00,0x00,0x00,0x00,0x00,
  0xD0,0xFF,0xFF,0xBA,0x00,0x88,0xFF,0xFF,0xF7,0x0B,0x00,0x00,0x00,0x00,0x88,0xFF,
  0xFF,0xFF,0x30,0x00,0x00,0x00,0xA8,0xFF,0xFF,0xFC,0x12,0x00,0x00,0x00,0x21,0xFF,
  0xFF,0xFF,0x68,0x00,0x36,0xFF,0xFF,0xFF,0x55,0x00,0x00,0x00,0x00,0xD3,0xFF,0xFF,
  0xE1,0x00,0x00,0x00,0x00,0x5A,0xFF,0xFF,0xFF,0x5B,0x00,0x00,0x00,0x72,0xFF,0xFF,
  0xFE,0x19,0x00,0x01,0xE4,0xFF,0xFF,0xA7,0x00,0x00,0x00,0x1F,0xFF,0xFF,0xFF,0x91,
  0x00,0x00,0x00,0x00,0x11,0xFB,0xFF,0xFF,0xA8,0x00,0x00,0x00,0xC4,0xFF,0xFF,0xC5,
  0x00,0x00,0x00,0x94,0xFF,0xFF,0xF2,0x07,0x00,0x00,0x6B,0xFF,0xFF,0xFF,0x42,0x00,
  0x00,0x00,0x00,0x00,0xBD,0xFF,0xFF,0xF0,0x05,0x00,0x17,0xFD,0xFF,0xFF,0x73,0x00,
  0x00,0x00,0x43,0xFF,0xFF,0xFF,0x4C,0x00,0x00,0xB7,0xFF,0xFF,0xEF,0x04,0x00,0x00,
  0x00,0x00,0x00,0x6F,0xFF,0xFF,0xFF,0x42,0x00,0x66,0xFF,0xFF,0xFF,0x22,0x00,0x00,
  0x00,0x04,0xED,0xFF,0xFF,0x9E,0x00,0x0B,0xF8,0xFF,0xFF,0xA4,0x00,0x00,0x00,0x00,
  0x00,0x00,0x22,0xFF,0xFF,0xFF,0x8F,0x00,0xB8,0xFF,0xFF,0xD0,0x00,0x00,0x00,0x00,
  0x00,0xA0,0xFF,0xFF,0xED,0x04,0x4E,0xFF,0xFF,0xFF,0x55,0x00,0x00,0x00,0x00,0x00,
  0x00,0x00,0xD3,0xFF,0xFF,0xDC,0x0F,0xF9,0xFF,0xFF,0x7E,0x00,0x00,0x00,0x00,0x00,
  0x4F,0xFF,0xFF,0xFF,0x43,0x9A,0xFF,0xFF,0xF8,0x0D,0x00,0x00,0x00,0x00,0x00,0x00,
  0x00,0x85,0xFF,0xFF,0xFF,0xA5,0xFF,0xFF,0xFF,0x2D,0x00,0x00,0x00,0x00,0x00,0x09,
  0xF4,0xFF,0xFF,0xB7,0xE9,0xFF,0xFF,0xB6,0x00,0x00,0x00,0x00,0x00,0x00,0x00,0x00,
  0x37,0xFF,0xFF,0xFF,0xFF,0xFF,0xFF,0xDC,0x00,0x00,0x00,0x00,0x00,0x00,0x00,0xAC,
  0xFF,0xFF,0xFF,0xFF,0xFF,0xFF,0x67,0x00,0x00,0x00,0x00,0x00,0x00,0x00,0x00,0x01,
  0xE1,0xFF,0xFF,0xFF,0xFF,0xFF,0x85,0x00,0x00,0x00,0x00,0x00,0x00,0x00,0x55,0xFF,
  0xFF,0xFF,0xFF,0xFF,0xFB,0x17,0x00,0x00,0x00,0x00,0x00,0x00,0x00,0x00,0x00,0x51,
  0xDB,0xFF,0xFF,0xFE,0xC5,0x18,0x00,0x00,0x00,0x00,0x00,0x00,0x00,0x04,0xA6,0xF9,
  0xFF,0xFF,0xEE,0x75,0x00,0x00,0x00,0x00,0x00,0x00,0xA0,0xFF,0xFF,0xFF,0xCA,0x1A,
  0x00,0x00,0x00,0x00,0x00,0x00,0x00,0x00,0x1B,0xCB,0xFF,0xFF,0xFF,0x75,0x00,0x00,
  0x0F,0xCE,0xFF,0xFF,0xFF,0xD5,0x13,0x00,0x00,0x00,0x00,0x00,0x00,0x15,0xD7,0xFF,
  0xFF,0xFF,0xA9,0x03,0x00,0x00,0x00,0x15,0xD7,0xFF,0xFF,0xFF,0xCB,0x0D,0x00,0x00,
  0x00,0x00,0x10,0xCF,0xFF,0xFF,0xFF,0xB2,0x05,0x00,0x00,0x00,0x00,0x00,0x1C,0xE0,
  0xFF,0xFF,0xFF,0xC0,0x08,0x00,0x00,0x0C,0xC6,0xFF,0xFF,0xFF,0xBA,0x07,0x00,0x00,
  0x00,0x00,0x00,0x00,0x00,0x24,0xE7,0xFF,0xFF,0xFF,0xB3,0x04,0x08,0xBD,0xFF,0xFF,
  0xFF,0xC2,0x0A,0x00,0x00,0x00,0x00,0x00,0x00,0x00,0x00,0x00,0x2D,0xEE,0xFF,0xFF,
  0xFF,0xA7,0xB3,0xFF,0xFF,0xFF,0xC9,0x0D,0x00,0x00,0x00,0x00,0x00,0x00,0x00,0x00,
  0x00,0x00,0x00,0x37,0xF3,0xFF,0xFF,0xFF,0xFF,0xFF,0xFF,0xD0,0x11,0x00,0x00,0x00,
  0x00,0x00,0x00,0x00,0x00,0x00,0x00,0x00,0x00,0x00,0x42,0xF8,0xFF,0xFF,0xFF,0xFF,
  0xD6,0x15,0x00,0x00,0x00,0x00,0x00,0x00,0x00,0x00,0x00,0x00,0x00,0x00,0x00,0x00,
  0x1A,0xE1,0xFF,0xFF,0xFF,0xFF,0x84,0x00,0x00,0x00,0x00,0x00,0x00,0x00,0x00,0x00,
  0x00,0x00,0x00,0x00,0x00,0x14,0xD6,0xFF,0xFF,0xFF,0xFF,0xFF,0xFF,0x68,0x00,0x00,
  0x00,0x00,0x00,0x00,0x00,0x00,0x00,0x00,0x00,0x00,0x0F,0xCE,0xFF,0xFF,0xFF,0xCF,
  0xFF,0xFF,0xFF,0xFD,0x5A,0x00,0x00,0x00,0x00,0x00,0x00,0x00,0x00,0x00,0x00,0x0B,
  0xC5,0xFF,0xFF,0xFF,0xB5,0x05,0x7B,0xFF,0xFF,0xFF,0xFB,0x4C,0x00,0x00,0x00,0x00,
  0x00,0x00,0x00,0x00,0x07,0xBC,0xFF,0xFF,0xFF,0xC1,0x09,0x00,0x00,0x8C,0xFF,0xFF,
  0xFF,0xF7,0x40,0x00,0x00,0x00,0x00,0x00,0x00,0x05,0xB3,0xFF,0xFF,0xFF,0xCC,0x0E,
  0x00,0x00,0x00,0x00,0x9B,0xFF,0xFF,0xFF,0xF2,0x35,0x00,0x00,0x00,0x00,0x02,0xA8,
  0xFF,0xFF,0xFF,0xD5,0x14,0x00,0x00,0x00,0x00,0x00,0x02,0xAA,0xFF,0xFF,0xFF,0xED,
  0x2B,0x00,0x00,0x01,0x9E,0xFF,0xFF,0xFF,0xDE,0x1A,0x00,0x00,0x00,0x00,0x00,0x00,
  0x00,0x05,0xB7,0xFF,0xFF,0xFF,0xE6,0x22,0x00,0x66,0xFF,0xFF,0xFF,0xD3,0x23,0x00,
  0x00,0x00,0x00,0x00,0x00,0x00,0x00,0x00,0x0A,0xAF,0xFE,0xFF,0xFF,0xCD,0x00,0x8D,
  0xFF,0xFF,0xFF,0xA0,0x00,0x00,0x00,0x00,0x00,0x00,0x00,0x00,0x00,0x00,0x00,0x18,
  0xDB,0xFF,0xFF,0xF7,0x19,0x0C,0xD8,0xFF,0xFF,0xFF,0x6B,0x00,0x00,0x00,0x00,0x00,
  0x00,0x00,0x00,0x00,0x02,0xBE,0xFF,0xFF,0xFF,0x65,0x00,0x00,0x2D,0xF6,0xFF,0xFF,
  0xF8,0x31,0x00,0x00,0x00,0x00,0x00,0x00,0x00,0x00,0x80,0xFF,0xFF,0xFF,0xA2,0x00,
  0x00,0x00,0x00,0x62,0xFF,0xFF,0xFF,0xDB,0x0D,0x00,0x00,0x00,0x00,0x00,0x00,0x41,
  0xFD,0xFF,0xFF,0xD4,0x0A,0x00,0x00,0x00,0x00,0x00,0xA1,0xFF,0xFF,0xFF,0xA7,0x00,
  0x00,0x00,0x00,0x00,0x16,0xE6,0xFF,0xFF,0xF3,0x28,0x00,0x00,0x00,0x00,0x00,0x00,
  0x0A,0xD5,0xFF,0xFF,0xFF,0x65,0x00,0x00,0x00,0x02,0xBA,0xFF,0xFF,0xFF,0x59,0x00,
  0x00,0x00,0x00,0x00,0x00,0x00,0x00,0x2A,0xF4,0xFF,0xFF,0xF6,0x2D,0x00,0x00,0x7B,
  0xFF,0xFF,0xFF,0x95,0x00,0x00,0x00,0x00,0x00,0x00,0x00,0x00,0x00,0x00,0x5E,0xFF,
  0xFF,0xFF,0xD6,0x0B,0x3D,0xFC,0xFF,0xFF,0xCB,0x07,0x00,0x00,0x00,0x00,0x00,0x00,
  0x00,0x00,0x00,0x00,0x00,0x9C,0xFF,0xFF,0xFF,0xAB,0xE4,0xFF,0xFF,0xEE,0x20,0x00,
  0x00,0x00,0x00,0x00,0x00,0x00,0x00,0x00,0x00,0x00,0x00,0x09,0xD2,0xFF,0xFF,0xFF,
  0xFF,0xFF,0xFE,0x4D,0x00,0x00,0x00,0x00,0x00,0x00,0x00,0x00,0x00,0x00,0x00,0x00,
  0x00,0x00,0x27,0xF3,0xFF,0xFF,0xFF,0xFF,0x88,0x00,0x00,0x00,0x00,0x00,0x00,0x00,
  0x00,0x00,0x00,0x00,0x00,0x00,0x00,0x00,0x00,0x5D,0xFF,0xFF,0xFF,0xC5,0x03,0x00,
  0x00,0x00,0x00,0x00,0x00,0x00,0x00,0x00,0x00,0x00,0x00,0x00,0x00,0x00,0x00,0x1F,
  0xFF,0xFF,0xFF,0x8B,0x00,0x00,0x00,0x00,0x00,0x00,0x00,0x00,0x00,0x00,0x00,0x00,
  0x00,0x00,0x00,0x00,0x00,0x1F,0xFF,0xFF,0xFF,0x8B,0x00,0x00,0x00,0x00,0x00,0x00,
  0x00,0x00,0x00,0x00,0x00,0x00,0x00,0x00,0x00,0x00,0x00,0x1F,0xFF,0xFF,0xFF,0x8B,
  0x00,0x00,0x00,0x00,0x00,0x00,0x00,0x00,0x00,0x00,0x00,0x00,0x00,0x00,0x00,0x00,
  0x00,0x1F,0xFF,0xFF,0xFF,0x8B,0x00,0x00,0x00,0x00,0x00,0x00,0x00,0x00,0x00,0x00,
  0x00,0x00,0x00,0x00,0x00,0x00,0x00,0x14,0xF7,0xFF,0xFF,0x78,0x00,0x00,0x00,0x00,
  0x00,0x00,0x00,0x00,0x00,0x9F,0xFF,0xFF,0xFF,0xFF,0xFF,0xFF,0xFF,0xFF,0xFF,0xFF,
  0xFF,0xFF,0xFF,0xFF,0xFF,0xF8,0xAF,0x03,0xAF,0xFF,0xFF,0xFF,0xFF,0xFF,0xFF,0xFF,
  0xFF,0xFF,0xFF,0xFF,0xFF,0xFF,0xFF,0xFF,0xFF,0xFF,0x36,0xAE,0xFF,0xFF,0xFF,0xFF,
  0xFF,0xFF,0xFF,0xFF,0xFF,0xFF,0xFF,0xFF,0xFF,0xFF,0xFF,0xFF,0xFF,0x43,0x2B,0x57,
  0x57,0x57,0x57,0x57,0x57,0x57,0x57,0x57,0x57,0x57,0x57,0x58,0xF2,0xFF,0xFF,0xFF,
  0x43,0x00,0x00,0x00,0x00,0x00,0x00,0x00,0x00,0x00,0x00,0x00,0x00,0x28,0xAC,0xFF,
  0xFF,0xFF,0xFF,0x3E,0x00,0x00,0x00,0x00,0x00,0x00,0x00,0x00,0x00,0x00,0x1F,0x9E,
  0xFC,0xFF,0xFF,0xFF,0xFF,0xE7,0x0F,0x00,0x00,0x00,0x00,0x00,0x00,0x00,0x00,0x18,
  0x93,0xF9,0xFF,0xFF,0xFF,0xFF,0xF8,0x91,0x14,0x00,0x00,0x00,0x00,0x00,0x00,0x00,
  0x11,0x87,0xF5,0xFF,0xFF,0xFF,0xFF,0xFB,0x9C,0x1E,0x00,0x00,0x00,0x00,0x00,0x00,
  0x00,0x0C,0x7B,0xF0,0xFF,0xFF,0xFF,0xFF,0xFE,0xA7,0x25,0x00,0x00,0x00,0x00,0x00,
  0x00,0x00,0x07,0x70,0xEA,0xFF,0xFF,0xFF,0xFF,0xFF,0xB2,0x2E,0x00,0x00,0x00,0x00,
  0x00,0x00,0x00,0x02,0x64,0xE3,0xFF,0xFF,0xFF,0xFF,0xFF,0xBD,0x38,0x00,0x00,0x00,
  0x00,0x00,0x00,0x00,0x00,0x00,0x97,0xFF,0xFF,0xFF,0xFF,0xFF,0xC8,0x43,0x00,0x00,
  0x00,0x00,0x00,0x00,0x00,0x00,0x00,0x00,0x00,0xD4,0xFF,0xFF,0xFF,0xD3,0x4E,0x00,
  0x00,0x00,0x00,0x00,0x00,0x00,0x00,0x00,0x00,0x00,0x00,0x00,0xD7,0xFF,0xFF,0xFF,
  0x7D,0x57,0x57,0x57,0x57,0x57,0x57,0x57,0x57,0x57,0x57,0x57,0x57,0x50,0x01,0xD7,
  0xFF,0xFF,0xFF,0xFF,0xFF,0xFF,0xFF,0xFF,0xFF,0xFF,0xFF,0xFF,0xFF,0xFF,0xFF,0xFF,
  0xFF,0x1E,0xCB,0xFF,0xFF,0xFF,0xFF,0xFF,0xFF,0xFF,0xFF,0xFF,0xFF,0xFF,0xFF,0xFF,
  0xFF,0xFF,0xFF,0xFF,0x1F,0x59,0xEB,0xFF,0xFF,0xFF,0xFF,0xFF,0xFF,0xFF,0xFF,0xFF,
  0xFF,0xFF,0xFF,0xFF,0xFF,0xFF,0xF9,0x15,0x00,0x20,0x42,0x43,0x43,0x43,0x30,0x55,
  0xFD,0xFF,0xFF,0xFF,0xFF,0xE3,0xA5,0xFF,0xFF,0xFF,0xFF,0xFF,0xD8,0xAF,0xFF,0xB2,
  0x01,0x00,0x00,0x00,0xAF,0xFF,0x9B,0x00,0x00,0x00,0x00,0xAF,0xFF,0x9B,0x00,0x00,
  0x00,0x00,0xAF,0xFF,0x9B,0x00,0x00,0x00,0x00,0xAF,0xFF,0x9B,0x00,0x00,0x00,0x00,
  0xAF,0xFF,0x9B,0x00,0x00,0x00,0x00,0xAF,0xFF,0x9B,0x00,0x00,0x00,0x00,0xAF,0xFF,
  0x9B,0x00,0x00,0x00,0x00,0xAF,0xFF,0x9B,0x00,0x00,0x00,0x00,0xAF,0xFF,0x9B,0x00,
  0x00,0x00,0x00,0xAF,0xFF,0x9B,0x00,0x00,0x00,0x00,0xAF,0xFF,0x9B,0x00,0x00,0x00,
  0x00,0xAF,0xFF,0x9B,0x00,0x00,0x00,0x00,0xAF,0xFF,0x9B,0x00,0x00,0x00,0x00,0xAF,
  0xFF,0x9B,0x00,0x00,0x00,0x00,0xAF,0xFF,0x9B,0x00,0x00,0x00,0x00,0xAF,0xFF,0x9B,
  0x00,0x00,0x00,0x00,0xAF,0xFF,0x9B,0x00,0x00,0x00,0x00,0xAF,0xFF,0x9B,0x00,0x00,
  0x00,0x00,0xAF,0xFF,0x9B,0x00,0x00,0x00,0x00,0xAF,0xFF,0x9B,0x00,0x00,0x00,0x00,
  0xAF,0xFF,0xCD,0x49,0x47,0x47,0x34,0x9C,0xFF,0xFF,0xFF,0xFF,0xFF,0xE3,0x30,0xDB,
  0xFE,0xFF,0xFF,0xFF,0xD7,0xC8,0xFF,0x86,0x00,0x00,0x00,0x00,0x00,0x00,0x00,0x82,
  0xFF,0xE7,0x02,0x00,0x00,0x00,0x00,0x00,0x00,0x2E,0xFF,0xFF,0x3C,0x00,0x00,0x00,
  0x00,0x00,0x00,0x00,0xDB,0xFF,0x8F,0x00,0x00,0x00,0x00,0x00,0x00,0x00,0x88,0xFF,
  0xE1,0x00,0x00,0x00,0x00,0x00,0x00,0x00,0x34,0xFF,0xFF,0x35,0x00,0x00,0x00,0x00,
  0x00,0x00,0x00,0xE0,0xFF,0x89,0x00,0x00,0x00,0x00,0x00,0x00,0x00,0x8D,0xFF,0xDC,
  0x00,0x00,0x00,0x00,0x00,0x00,0x00,0x3A,0xFF,0xFF,0x2F,0x00,0x00,0x00,0x00,0x00,
  0x00,0x01,0xE5,0xFF,0x82,0x00,0x00,0x00,0x00,0x00,0x00,0x00,0x93,0xFF,0xD6,0x00,
  0x00,0x00,0x00,0x00,0x00,0x00,0x40,0xFF,0xFF,0x29,0x00,0x00,0x00,0x00,0x00,0x00,
  0x03,0xE9,0xFF,0x7C,0x00,0x00,0x00,0x00,0x00,0x00,0x00,0x99,0xFF,0xCF,0x00,0x00,
  0x00,0x00,0x00,0x00,0x00,0x46,0xFF,0xFF,0x23,0x00,0x00,0x00,0x00,0x00,0x00,0x04,
  0xED,0xFF,0x76,0x00,0x00,0x00,0x00,0x00,0x00,0x00,0x9F,0xFF,0xC9,0x00,0x00,0x00,
  0x00,0x00,0x00,0x00,0x4B,0xFF,0xFF,0x1D,0x00,0x00,0x00,0x00,0x00,0x00,0x06,0xF1,
  0xFF,0x6F,0x00,0x00,0x00,0x00,0x00,0x00,0x00,0xA4,0xFF,0xC3,0x00,0x00,0x00,0x00,
  0x00,0x00,0x00,0x51,0xFF,0xFD,0x18,0x00,0x00,0x00,0x00,0x00,0x00,0x09,0xF4,0xFF,
  0x69,0x00,0x00,0x00,0x00,0x00,0x00,0x00,0x9A,0xFF,0xB0,0x00,0x39,0x43,0x43,0x43,
  0x41,0x18,0x00,0x03,0xFF,0xFF,0xFF,0xFF,0xFF,0xF8,0x38,0x02,0xF6,0xFF,0xFF,0xFF,
  0xFF,0xFF,0x84,0x00,0x00,0x00,0x00,0x04,0xD2,0xFF,0x8F,0x00,0x00,0x00,0x00,0x00,
  0xBF,0xFF,0x8F,0x00,0x00,0x00,0x00,0x00,0xBF,0xFF,0x8F,0x00,0x00,0x00,0x00,0x00,
  0xBF,0xFF,0x8F,0x00,0x00,0x00,0x00,0x00,0xBF,0xFF,0x8F,0x00,0x00,0x00,0x00,0x00,
  0xBF,0xFF,0x8F,0x00,0x00,0x00,0x00,0x00,0xBF,0xFF,0x8F,0x00,0x00,0x00,0x00,0x00,
  0xBF,0xFF,0x8F,0x00,0x00,0x00,0x00,0x00,0xBF,0xFF,0x8F,0x00,0x00,0x00,0x00,0x00,
  0xBF,0xFF,0x8F,0x00,0x00,0x00,0x00,0x00,0xBF,0xFF,0x8F,0x00,0x00,0x00,0x00,0x00,
  0xBF,0xFF,0x8F,0x00,0x00,0x00,0x00,0x00,0xBF,0xFF,0x8F,0x00,0x00,0x00,0x00,0x00,
  0xBF,0xFF,0x8F,0x00,0x00,0x00,0x00,0x00,0xBF,0xFF,0x8F,0x00,0x00,0x00,0x00,0x00,
  0xBF,0xFF,0x8F,0x00,0x00,0x00,0x00,0x00,0xBF,0xFF,0x8F,0x00,0x00,0x00,0x00,0x00,
  0xBF,0xFF,0x8F,0x00,0x00,0x00,0x00,0x00,0xBF,0xFF,0x8F,0x00,0x00,0x00,0x00,0x00,
  0xBF,0xFF,0x8F,0x00,0x00,0x00,0x00,0x00,0xBF,0xFF,0x8F,0x00,0x3E,0x47,0x47,0x4C,
  0xE3,0xFF,0x8F,0x03,0xFF,0xFF,0xFF,0xFF,0xFF,0xFF,0x7A,0x02,0xF5,0xFF,0xFF,0xFF,
  0xFD,0xCE,0x1C,0x00,0x00,0x00,0x00,0x27,0x99,0xA7,0x87,0x06,0x00,0x00,0x00,0x00,
  0x00,0x00,0x00,0x00,0xC4,0xFF,0xFF,0xFF,0x74,0x00,0x00,0x00,0x00,0x00,0x00,0x00,
  0x29,0xFF,0xFF,0xFF,0xFF,0xD8,0x00,0x00,0x00,0x00,0x00,0x00,0x00,0x87,0xFF,0xE1,
  0x3A,0xFF,0xFF,0x36,0x00,0x00,0x00,0x00,0x00,0x02,0xE3,0xFF,0x85,0x00,0xD2,0xFF,
  0x95,0x00,0x00,0x00,0x00,0x00,0x45,0xFF,0xFF,0x29,0x00,0x75,0xFF,0xED,0x06,0x00,
  0x00,0x00,0x00,0xA3,0xFF,0xCB,0x00,0x00,0x1A,0xFD,0xFF,0x52,0x00,0x00,0x00,0x0C,
  0xF5,0xFF,0x6D,0x00,0x00,0x00,0xBA,0xFF,0xB1,0x00,0x00,0x00,0x61,0xFF,0xFB,0x15,
  0x00,0x00,0x00,0x5D,0xFF,0xFA,0x15,0x00,0x00,0xBF,0xFF,0xB3,0x00,0x00,0x00,0x00,
  0x0B,0xF4,0xFF,0x6E,0x00,0x1F,0xFE,0xFF,0x56,0x00,0x00,0x00,0x00,0x00,0xA3,0xFF,
  0xCD,0x00,0x7D,0xFF,0xF0,0x08,0x00,0x00,0x00,0x00,0x00,0x45,0xFF,0xFF,0x2C,0xC0,
  0xFF,0x8B,0x00,0x00,0x00,0x00,0x00,0x00,0x02,0xD4,0xFF,0x70,0x28,0x47,0x47,0x47,
  0x47,0x47,0x47,0x47,0x47,0x47,0x47,0x47,0x47,0x47,0x45,0x02,0xD9,0xFF,0xFF,0xFF,
  0xFF,0xFF,0xFF,0xFF,0xFF,0xFF,0xFF,0xFF,0xFF,0xFF,0xFF,0x45,0xC3,0xFF,0xFF,0xFF,
  0xFF,0xFF,0xFF,0xFF,0xFF,0xFF,0xFF,0xFF,0xFF,0xFF,0xFD,0x33,0x00,0x75,0x7F,0x75,
  0x08,0x00,0x00,0x00,0xB5,0xFF,0xFF,0x79,0x00,0x00,0x00,0x29,0xFB,0xFF,0xEC,0x0C,
  0x00,0x00,0x00,0x95,0xFF,0xFF,0x78,0x00,0x00,0x00,0x15,0xF0,0xFF,0xEB,0x0C,0x00,
  0x00,0x00,0x6B,0xFD,0xFF,0x5E,0x00,0x84,0xFF,0xFF,0xFF,0xFF,0xFF,0xFF,0xFF,0xFF,
  0xFF,0xFF,0xFB,0xEE,0xCB,0x6F,0x0B,0x00,0x00,0x9B,0xFF,0xFF,0xFF,0xFF,0xFF,0xFF,
  0xFF,0xFF,0xFF,0xFF,0xFF,0xFF,0xFF,0xFF,0xD8,0x08,0x00,0x79,0xEF,0xEF,0xEF,0xEF,
  0xEF,0xEF,0xEF,0xEF,0xEF,0xF0,0xFC,0xFF,0xFF,0xFF,0xFF,0x7C,0x00,0x00,0x00,0x00,
  0x00,0x00,0x00,0x00,0x00,0x00,0x00,0x00,0x01,0x31,0xE5,0xFF,0xFF,0xB3,0x00,0x00,
  0x00,0x00,0x00,0x00,0x00,0x00,0x00,0x00,0x00,0x00,0x00,0x00,0x93,0xFF,0xFF,0xD5,
  0x00,0x09,0x83,0xDA,0xF8,0xFF,0xFF,0xFF,0xFF,0xFF,0xFF,0xFF,0xFF,0xFF,0xFF,0xFF,
  0xFF,0xDF,0x00,0x8F,0xFF,0xFF,0xFF,0xFF,0xFF,0xFF,0xFF,0xFF,0xFF,0xFF,0xFF,0xFF,
  0xFF,0xFF,0xFF,0xDF,0x00,0xE4,0xFF,0xFF,0xD8,0x76,0x6F,0x6F,0x6F,0x6F,0x6F,0x6F,
  0x6F,0x6F,0xBC,0xFF,0xFF,0xDF,0x02,0xFE,0xFF,0xFF,0x6B,0x00,0x00,0x00,0x00,0x00,
  0x00,0x00,0x00,0x00,0x87,0xFF,0xFF,0xDF,0x02,0xFE,0xFF,0xFF,0x82,0x00,0x00,0x00,
  0x00,0x00,0x00,0x00,0x00,0x00,0x97,0xFF,0xFF,0xDF,0x00,0xE7,0xFF,0xFF,0xFB,0xD4,
  0xCF,0xCF,0xCF,0xCF,0xCF,0xCF,0xCF,0xD3,0xFC,0xFF,0xFF,0xDF,0x00,0x9D,0xFF,0xFF,
  0xFF,0xFF,0xFF,0xFF,0xFF,0xFF,0xFF,0xFF,0xFF,0xFF,0xFF,0xFF,0xFF,0xD7,0x00,0x11,
  0x94,0xDF,0xF9,0xFF,0xFF,0xFF,0xFF,0xFF,0xFF,0xFF,0xFF,0xFF,0xFF,0xFF,0xF6,0x7D,
  0x77,0xFF,0xFF,0xCD,0x00,0x00,0x00,0x00,0x00,0x00,0x00,0x00,0x00,0x00,0x00,0x00,
  0x00,0x00,0x00,0x87,0xFF,0xFF,0xDF,0x00,0x00,0x00,0x00,0x00,0x00,0x00,0x00,0x00,
  0x00,0x00,0x00,0x00,0x00,0x00,0x87,0xFF,0xFF,0xDF,0x00,0x00,0x00,0x00,0x00,0x00,
  0x00,0x00,0x00,0x00,0x00,0x00,0x00,0x00,0x00,0x87,0xFF,0xFF,0xDF,0x00,0x00,0x00,
  0x00,0x00,0x00,0x00,0x00,0x00,0x00,0x00,0x00,0x00,0x00,0x00,0x87,0xFF,0xFF,0xDF,
  0x00,0x00,0x00,0x00,0x00,0x00,0x00,0x00,0x00,0x00,0x00,0x00,0x00,0x00,0x00,0x87,
  0xFF,0xFF,0xFF,0xFF,0xFF,0xFF,0xFF,0xFF,0xFF,0xFF,0xFF,0xFF,0xEF,0xD7,0xB5,0x4C,
  0x01,0x00,0x87,0xFF,0xFF,0xFF,0xFF,0xFF,0xFF,0xFF,0xFF,0xFF,0xFF,0xFF,0xFF,0xFF,
  0xFF,0xFF,0xFF,0x95,0x00,0x87,0xFF,0xFF,0xFD,0xEF,0xEF,0xEF,0xEF,0xEF,0xEF,0xEF,
  0xEF,0xF2,0xFF,0xFF,0xFF,0xFF,0xFE,0x32,0x87,0xFF,0xFF,0xDF,0x00,0x00,0x00,0x00,
  0x00,0x00,0x00,0x00,0x00,0x08,0x77,0xFF,0xFF,0xFF,0x67,0x87,0xFF,0xFF,0xDF,0x00,
  0x00,0x00,0x00,0x00,0x00,0x00,0x00,0x00,0x00,0x00,0xED,0xFF,0xFF,0x89,0x87,0xFF,
  0xFF,0xDF,0x00,0x00,0x00,0x00,0x00,0x00,0x00,0x00,0x00,0x00,0x00,0xD6,0xFF,0xFF,
  0x93,0x87,0xFF,0xFF,0xDF,0x00,0x00,0x00,0x00,0x00,0x00,0x00,0x00,0x00,0x00,0x00,
  0xD3,0xFF,0xFF,0x93,0x87,0xFF,0xFF,0xE2,0x00,0x00,0x00,0x00,0x00,0x00,0x00,0x00,
  0x00,0x00,0x00,0xD6,0xFF,0xFF,0x93,0x7C,0xFF,0xFF,0xF6,0x02,0x00,0x00,0x00,0x00,
  0x00,0x00,0x00,0x00,0x00,0x00,0xED,0xFF,0xFF,0x89,0x5B,0xFF,0xFF,0xFF,0x7E,0x08,
  0x00,0x00,0x00,0x00,0x00,0x00,0x00,0x07,0x75,0xFF,0xFF,0xFF,0x67,0x27,0xFC,0xFF,
  0xFF,0xFF,0xFF,0xF2,0xEF,0xEF,0xEF,0xEF,0xEF,0xF2,0xFF,0xFF,0xFF,0xFF,0xFE,0x32,
  0x00,0x88,0xFF,0xFF,0xFF,0xFF,0xFF,0xFF,0xFF,0xFF,0xFF,0xFF,0xFF,0xFF,0xFF,0xFF,
  0xFF,0x95,0x00,0x00,0x00,0x48,0xB4,0xD8,0xF0,0xFF,0xFF,0xFF,0xFF,0xFF,0xFF,0xFF,
  0xF0,0xD8,0xB7,0x4E,0x01,0x00,0x00,0x00,0x16,0x86,0xCA,0xE3,0xFA,0xFF,0xFF,0xFF,
  0xFF,0xFF,0xFF,0xFF,0xFF,0xFF,0xA4,0x00,0x1F,0xF1,0xFF,0xFF,0xFF,0xFF,0xFF,0xFF,
  0xFF,0xFF,0xFF,0xFF,0xFF,0xFF,0xFF,0xBB,0x00,0xAD,0xFF,0xFF,0xFF,0xFF,0xFA,0xEF,
  0xEF,0xEF,0xEF,0xEF,0xEF,0xEF,0xEF,0xEF,0x97,0x00,0xE4,0xFF,0xFF,0xDB,0x2A,0x00,
  0x00,0x00,0x00,0x00,0x00,0x00,0x00,0x00,0x00,0x00,0x07,0xFE,0xFF,0xFF,0x78,0x00,
  0x00,0x00,0x00,0x00,0x00,0x00,0x00,0x00,0x00,0x00,0x00,0x0F,0xFF,0xFF,0xFF,0x62,
  0x00,0x00,0x00,0x00,0x00,0x00,0x00,0x00,0x00,0x00,0x00,0x00,0x0F,0xFF,0xFF,0xFF,
  0x5F,0x00,0x00,0x00,0x00,0x00,0x00,0x00,0x00,0x00,0x00,0x00,0x00,0x0F,0xFF,0xFF,
  0xFF,0x62,0x00,0x00,0x00,0x00,0x00,0x00,0x00,0x00,0x00,0x00,0x00,0x00,0x07,0xFE,
  0xFF,0xFF,0x78,0x00,0x00,0x00,0x00,0x00,0x00,0x00,0x00,0x00,0x00,0x00,0x00,0x00,
  0xE5,0xFF,0xFF,0xDB,0x29,0x00,0x00,0x00,0x00,0x00,0x00,0x00,0x00,0x00,0x00,0x00,
  0x00,0xAE,0xFF,0xFF,0xFF,0xFF,0xF9,0xEF,0xEF,0xEF,0xEF,0xEF,0xEF,0xEF,0xEF,0xEF,
  0x98,0x00,0x20,0xF2,0xFF,0xFF,0xFF,0xFF,0xFF,0xFF,0xFF,0xFF,0xFF,0xFF,0xFF,0xFF,
  0xFF,0xBB,0x00,0x00,0x18,0x87,0xCC,0xE4,0xFB,0xFF,0xFF,0xFF,0xFF,0xFF,0xFF,0xFF,
  0xFF,0xFF,0xA4,0x00,0x00,0x00,0x00,0x00,0x00,0x00,0x00,0x00,0x00,0x00,0x00,0x00,
  0x00,0x00,0xE4,0xFF,0xFF,0x5E,0x00,0x00,0x00,0x00,0x00,0x00,0x00,0x00,0x00,0x00,
  0x00,0x00,0x00,0x00,0x00,0xF7,0xFF,0xFF,0x6F,0x00,0x00,0x00,0x00,0x00,0x00,0x00,
  0x00,0x00,0x00,0x00,0x00,0x00,0x00,0x00,0xF7,0xFF,0xFF,0x6F,0x00,0x00,0x00,0x00,
  0x00,0x00,0x00,0x00,0x00,0x00,0x00,0x00,0x00,0x00,0x00,0xF7,0xFF,0xFF,0x6F,0x00,
  0x00,0x00,0x00,0x00,0x00,0x00,0x00,0x00,0x00,0x00,0x00,0x00,0x00,0x00,0xF7,0xFF,
  0xFF,0x6F,0x00,0x03,0x58,0xBC,0xD9,0xF2,0xFF,0xFF,0xFF,0xFF,0xFF,0xFF,0xFF,0xFF,
  0xFF,0xFF,0xFF,0xFF,0x6F,0x00,0xB0,0xFF,0xFF,0xFF,0xFF,0xFF,0xFF,0xFF,0xFF,0xFF,
  0xFF,0xFF,0xFF,0xFF,0xFF,0xFF,0xFF,0x6F,0x4D,0xFF,0xFF,0xFF,0xFF,0xFE,0xF1,0xEF,
  0xEF,0xEF,0xEF,0xEF,0xEF,0xEF,0xEF,0xFF,0xFF,0xFF,0x6F,0x84,0xFF,0xFF,0xFF,0x5E,
  0x04,0x00,0x00,0x00,0x00,0x00,0x00,0x00,0x00,0x00,0xF7,0xFF,0xFF,0x6F,0xA5,0xFF,
  0xFF,0xD4,0x00,0x00,0x00,0x00,0x00,0x00,0x00,0x00,0x00,0x00,0x00,0xF7,0xFF,0xFF,
  0x6F,0xAF,0xFF,0xFF,0xBE,0x00,0x00,0x00,0x00,0x00,0x00,0x00,0x00,0x00,0x00,0x00,
  0xF7,0xFF,0xFF,0x6F,0xAF,0xFF,0xFF,0xBB,0x00,0x00,0x00,0x00,0x00,0x00,0x00,0x00,
  0x00,0x00,0x00,0xF7,0xFF,0xFF,0x6F,0xAF,0xFF,0xFF,0xBE,0x00,0x00,0x00,0x00,0x00,
  0x00,0x00,0x00,0x00,0x00,0x00,0xFA,0xFF,0xFF,0x6F,0xA5,0xFF,0xFF,0xD4,0x00,0x00,
  0x00,0x00,0x00,0x00,0x00,0x00,0x00,0x00,0x13,0xFF,0xFF,0xFF,0x63,0x85,0xFF,0xFF,
  0xFF,0x5E,0x04,0x00,0x00,0x00,0x00,0x00,0x00,0x00,0x0D,0x95,0xFF,0xFF,0xFF,0x41,
  0x4E,0xFF,0xFF,0xFF,0xFF,0xFE,0xF1,0xEF,0xEF,0xEF,0xEF,0xEF,0xF3,0xFF,0xFF,0xFF,
  0xFF,0xF4,0x15,0x00,0xB2,0xFF,0xFF,0xFF,0xFF,0xFF,0xFF,0xFF,0xFF,0xFF,0xFF,0xFF,
  0xFF,0xFF,0xFF,0xFF,0x6E,0x00,0x00,0x04,0x5A,0xBD,0xDB,0xF3,0xFF,0xFF,0xFF,0xFF,
  0xFF,0xFF,0xFF,0xED,0xD4,0xAB,0x3A,0x00,0x00,0x00,0x00,0x13,0x7F,0xC9,0xE1,0xF9,
  0xFF,0xFF,0xFF,0xFF,0xFF,0xFF,0xFF,0xEC,0xD1,0x6E,0x02,0x00,0x17,0xEC,0xFF,0xFF,
  0xFF,0xFF,0xFF,0xFF,0xFF,0xFF,0xFF,0xFF,0xFF,0xFF,0xFF,0xFF,0x66,0x00,0xA1,0xFF,
  0xFF,0xFF,0xF4,0xD9,0xD0,0xCF,0xCF,0xCF,0xCF,0xCF,0xDA,0xFF,0xFF,0xFF,0xBB,0x00,
  0xD8,0xFF,0xFF,0xB1,0x08,0x00,0x00,0x00,0x00,0x00,0x00,0x00,0x00,0xA2,0xFF,0xFF,
  0xD7,0x01,0xF8,0xFF,0xFF,0x69,0x00,0x00,0x00,0x00,0x00,0x00,0x00,0x00,0x00,0x93,
  0xFF,0xFF,0xDF,0x03,0xFF,0xFF,0xFF,0xFF,0xFF,0xFF,0xFF,0xFF,0xFF,0xFF,0xFF,0xFF,
  0xFF,0xFF,0xFF,0xFF,0xDF,0x03,0xFF,0xFF,0xFF,0xFF,0xFF,0xFF,0xFF,0xFF,0xFF,0xFF,
  0xFF,0xFF,0xFF,0xFF,0xFF,0xFF,0xC2,0x03,0xFF,0xFF,0xFF,0xA8,0x6F,0x6F,0x6F,0x6F,
  0x6F,0x6F,0x6F,0x6F,0x6F,0x6F,0x6F,0x68,0x21,0x01,0xF8,0xFF,0xFF,0x76,0x00,0x00,
  0x00,0x00,0x00,0x00,0x00,0x00,0x00,0x00,0x00,0x00,0x00,0x00,0xD9,0xFF,0xFF,0xD9,
  0x2A,0x00,0x00,0x00,0x00,0x00,0x00,0x00,0x00,0x00,0x00,0x00,0x00,0x00,0xA2,0xFF,
  0xFF,0xFF,0xFF,0xFA,0xEF,0xEF,0xEF,0xEF,0xEF,0xEF,0xEF,0xEF,0xEF,0xEF,0x59,0x00,
  0x18,0xED,0xFF,0xFF,0xFF,0xFF,0xFF,0xFF,0xFF,0xFF,0xFF,0xFF,0xFF,0xFF,0xFF,0xFF,
  0x77,0x00,0x00,0x14,0x81,0xCA,0xE2,0xFA,0xFF,0xFF,0xFF,0xFF,0xFF,0xFF,0xFF,0xFF,
  0xFF,0xFF,0x61,0x00,0x00,0x00,0x00,0x2B,0xA7,0xD8,0xF3,0xFF,0xFF,0xFF,0x44,0x00,
  0x00,0x00,0x22,0xF9,0xFF,0xFF,0xFF,0xFF,0xFF,0xFF,0x5B,0x00,0x00,0x00,0x99,0xFF,
  0xFF,0xFF,0xFE,0xEF,0xEB,0xEB,0x3D,0x00,0x00,0x00,0xBF,0xFF,0xFF,0xD8,0x16,0x00,
  0x00,0x00,0x00,0x00,0x00,0x00,0xD8,0xFF,0xFF,0x98,0x00,0x00,0x00,0x00,0x00,0x80,
  0xFF,0xFF,0xFF,0xFF,0xFF,0xFF,0xFF,0xFF,0xFF,0xF9,0x23,0x97,0xFF,0xFF,0xFF,0xFF,
  0xFF,0xFF,0xFF,0xFF,0xFF,0xFF,0x33,0x72,0xE7,0xE7,0xFC,0xFF,0xFF,0xF5,0xE7,0xE7,
  0xE7,0xE1,0x1E,0x00,0x00,0x00,0xDB,0xFF,0xFF,0x93,0x00,0x00,0x00,0x00,0x00,0x00,
  0x00,0x00,0xDB,0xFF,0xFF,0x93,0x00,0x00,0x00,0x00,0x00,0x00,0x00,0x00,0xDB,0xFF,
  0xFF,0x93,0x00,0x00,0x00,0x00,0x00,0x00,0x00,0x00,0xDB,0xFF,0xFF,0x93,0x00,0x00,
  0x00,0x00,0x00,0x00,0x00,0x00,0xDB,0xFF,0xFF,0x93,0x00,0x00,0x00,0x00,0x00,0x00,
  0x00,0x00,0xDB,0xFF,0xFF,0x93,0x00,0x00,0x00,0x00,0x00,0x00,0x00,0x00,0xDB,0xFF,
  0xFF,0x93,0x00,0x00,0x00,0x00,0x00,0x00,0x00,0x00,0xDB,0xFF,0xFF,0x93,0x00,0x00,
  0x00,0x00,0x00,0x00,0x00,0x00,0xDB,0xFF,0xFF,0x93,0x00,0x00,0x00,0x00,0x00,0x00,
  0x00,0x00,0xC9,0xFF,0xFF,0x81,0x00,0x00,0x00,0x00,0x00,0x00,0x05,0x5C,0xBD,0xDA,
  0xF2,0xFF,0xFF,0xFF,0xFF,0xFF,0xFF,0xFF,0xEC,0xD4,0xAA,0x3B,0x00,0x00,0x00,0xB7,
  0xFF,0xFF,0xFF,0xFF,0xFF,0xFF,0xFF,0xFF,0xFF,0xFF,0xFF,0xFF,0xFF,0xFF,0xFF,0x70,
  0x00,0x53,0xFF,0xFF,0xFF,0xFF,0xF8,0xE9,0xE7,0xE7,0xE7,0xE7,0xE7,0xEB,0xFB,0xFF,
  0xFF,0xFF,0xF6,0x17,0x87,0xFF,0xFF,0xF8,0x43,0x00,0x00,0x00,0x00,0x00,0x00,0x00,
  0x00,0x05,0x79,0xFF,0xFF,0xFF,0x43,0xA8,0xFF,0xFF,0xC8,0x00,0x00,0x00,0x00,0x00,
  0x00,0x00,0x00,0x00,0x00,0x08,0xFE,0xFF,0xFF,0x66,0xAF,0xFF,0xFF,0xBB,0x00,0x00,
  0x00,0x00,0x00,0x00,0x00,0x00,0x00,0x00,0x00,0xF7,0xFF,0xFF,0x6F,0xAF,0xFF,0xFF,
  0xBB,0x00,0x00,0x00,0x00,0x00,0x00,0x00,0x00,0x00,0x00,0x00,0xF7,0xFF,0xFF,0x6F,
  0xA1,0xFF,0xFF,0xCB,0x00,0x00,0x00,0x00,0x00,0x00,0x00,0x00,0x00,0x00,0x00,0xF7,
  0xFF,0xFF,0x6F,0x7D,0xFF,0xFF,0xFA,0x43,0x00,0x00,0x00,0x00,0x00,0x00,0x00,0x00,
  0x00,0x00,0xF7,0xFF,0xFF,0x6F,0x3D,0xFF,0xFF,0xFF,0xFF,0xEA,0xD9,0xD7,0xD7,0xD7,
  0xD7,0xD7,0xD7,0xD7,0xD7,0xFE,0xFF,0xFF,0x6F,0x00,0x99,0xFF,0xFF,0xFF,0xFF,0xFF,
  0xFF,0xFF,0xFF,0xFF,0xFF,0xFF,0xFF,0xFF,0xFF,0xFF,0xFF,0x6F,0x00,0x00,0x4A,0xB5,
  0xD7,0xF2,0xFF,0xFF,0xFF,0xFF,0xFF,0xFF,0xFF,0xFF,0xFF,0xFF,0xFF,0xFF,0x6F,0x00,
  0x00,0x00,0x00,0x00,0x00,0x00,0x00,0x00,0x00,0x00,0x00,0x00,0x00,0x01,0xFB,0xFF,
  0xFF,0x6F,0x00,0x00,0x00,0x00,0x00,0x00,0x00,0x00,0x00,0x00,0x00,0x00,0x00,0x00,
  0x17,0xFF,0xFF,0xFF,0x65,0x00,0x00,0x00,0x00,0x00,0x00,0x00,0x00,0x00,0x00,0x00,
  0x00,0x00,0x0E,0x9A,0xFF,0xFF,0xFF,0x43,0x02,0xD9,0xEF,0xEF,0xEF,0xEF,0xEF,0xEF,
  0xEF,0xEF,0xEF,0xEF,0xF3,0xFF,0xFF,0xFF,0xFF,0xF6,0x17,0x03,0xFF,0xFF,0xFF,0xFF,
  0xFF,0xFF,0xFF,0xFF,0xFF,0xFF,0xFF,0xFF,0xFF,0xFF,0xFF,0xFF,0x72,0x00,0x02,0xEA,
  0xFF,0xFF,0xFF,0xFF,0xFF,0xFF,0xFF,0xFF,0xFF,0xFF,0xFF,0xED,0xD5,0xAC,0x3D,0x00,
  0x00,0x66,0xFF,0xFF,0xDD,0x00,0x00,0x00,0x00,0x00,0x00,0x00,0x00,0x00,0x00,0x00,
  0x00,0x00,0x00,0x00,0x77,0xFF,0xFF,0xEF,0x00,0x00,0x00,0x00,0x00,0x00,0x00,0x00,
  0x00,0x00,0x00,0x00,0x00,0x00,0x00,0x77,0xFF,0xFF,0xEF,0x00,0x00,0x00,0x00,0x00,
  0x00,0x00,0x00,0x00,0x00,0x00,0x00,0x00,0x00,0x00,0x77,0xFF,0xFF,0xEF,0x00,0x00,
  0x00,0x00,0x00,0x00,0x00,0x00,0x00,0x00,0x00,0x00,0x00,0x00,0x00,0x77,0xFF,0xFF,
  0xEF,0x00,0x00,0x00,0x00,0x00,0x00,0x00,0x00,0x00,0x00,0x00,0x00,0x00,0x00,0x00,
  0x77,0xFF,0xFF,0xFF,0xFF,0xFF,0xFF,0xFF,0xFF,0xFF,0xFF,0xFF,0xFF,0xF8,0xE8,0xBB,
  0x51,0x02,0x00,0x77,0xFF,0xFF,0xFF,0xFF,0xFF,0xFF,0xFF,0xFF,0xFF,0xFF,0xFF,0xFF,
  0xFF,0xFF,0xFF,0xFF,0xA0,0x00,0x77,0xFF,0xFF,0xFF,0xFF,0xFF,0xFF,0xFF,0xFF,0xFF,
  0xFF,0xFF,0xFF,0xFF,0xFF,0xFF,0xFF,0xFF,0x3C,0x77,0xFF,0xFF,0xEF,0x00,0x00,0x00,
  0x00,0x00,0x00,0x00,0x00,0x00,0x11,0x72,0xFF,0xFF,0xFF,0x73,0x77,0xFF,0xFF,0xEF,
  0x00,0x00,0x00,0x00,0x00,0x00,0x00,0x00,0x00,0x00,0x00,0xE3,0xFF,0xFF,0x95,0x77,
  0xFF,0xFF,0xEF,0x00,0x00,0x00,0x00,0x00,0x00,0x00,0x00,0x00,0x00,0x00,0xCB,0xFF,
  0xFF,0x9F,0x77,0xFF,0xFF,0xEF,0x00,0x00,0x00,0x00,0x00,0x00,0x00,0x00,0x00,0x00,
  0x00,0xC7,0xFF,0xFF,0x9F,0x77,0xFF,0xFF,0xEF,0x00,0x00,0x00,0x00,0x00,0x00,0x00,
  0x00,0x00,0x00,0x00,0xC7,0xFF,0xFF,0x9F,0x77,0xFF,0xFF,0xEF,0x00,0x00,0x00,0x00,
  0x00,0x00,0x00,0x00,0x00,0x00,0x00,0xC7,0xFF,0xFF,0x9F,0x77,0xFF,0xFF,0xEF,0x00,
  0x00,0x00,0x00,0x00,0x00,0x00,0x00,0x00,0x00,0x00,0xC7,0xFF,0xFF,0x9F,0x77,0xFF,
  0xFF,0xEF,0x00,0x00,0x00,0x00,0x00,0x00,0x00,0x00,0x00,0x00,0x00,0xC7,0xFF,0xFF,
  0x9F,0x77,0xFF,0xFF,0xEF,0x00,0x00,0x00,0x00,0x00,0x00,0x00,0x00,0x00,0x00,0x00,
  0xC7,0xFF,0xFF,0x9F,0x66,0xFF,0xFF,0xDE,0x00,0x00,0x00,0x00,0x00,0x00,0x00,0x00,
  0x00,0x00,0x00,0xB5,0xFF,0xFF,0x8F,0x66,0xFF,0xFF,0xDF,0x77,0xFF,0xFF,0xEF,0x75,
  0xFF,0xFF,0xED,0x15,0x4F,0x4F,0x3B,0x00,0x00,0x00,0x00,0x66,0xFF,0xFF,0xDD,0x77,
  0xFF,0xFF,0xEF,0x77,0xFF,0xFF,0xEF,0x77,0xFF,0xFF,0xEF,0x77,0xFF,0xFF,0xEF,0x77,
  0xFF,0xFF,0xEF,0x77,0xFF,0xFF,0xEF,0x77,0xFF,0xFF,0xEF,0x77,0xFF,0xFF,0xEF,0x77,
  0xFF,0xFF,0xEF,0x77,0xFF,0xFF,0xEF,0x77,0xFF,0xFF,0xEF,0x66,0xFF,0xFF,0xDE,0x00,
  0x00,0x00,0x00,0x15,0xF9,0xFF,0xFD,0x39,0x00,0x00,0x00,0x00,0x1F,0xFF,0xFF,0xFF,
  0x47,0x00,0x00,0x00,0x00,0x1D,0xFF,0xFF,0xFF,0x45,0x00,0x00,0x00,0x00,0x01,0x48,
  0x4F,0x4D,0x08,0x00,0x00,0x00,0x00,0x00,0x00,0x00,0x00,0x00,0x00,0x00,0x00,0x00,
  0x1B,0xF9,0xFF,0xFD,0x38,0x00,0x00,0x00,0x00,0x27,0xFF,0xFF,0xFF,0x47,0x00,0x00,
  0x00,0x00,0x27,0xFF,0xFF,0xFF,0x47,0x00,0x00,0x00,0x00,0x27,0xFF,0xFF,0xFF,0x47,
  0x00,0x00,0x00,0x00,0x27,0xFF,0xFF,0xFF,0x47,0x00,0x00,0x00,0x00,0x27,0xFF,0xFF,
  0xFF,0x47,0x00,0x00,0x00,0x00,0x27,0xFF,0xFF,0xFF,0x47,0x00,0x00,0x00,0x00,0x27,
  0xFF,0xFF,0xFF,0x47,0x00,0x00,0x00,0x00,0x27,0xFF,0xFF,0xFF,0x47,0x00,0x00,0x00,
  0x00,0x27,0xFF,0xFF,0xFF,0x47,0x00,0x00,0x00,0x00,0x27,0xFF,0xFF,0xFF,0x47,0x00,
  0x00,0x00,0x00,0x27,0xFF,0xFF,0xFF,0x47,0x00,0x00,0x00,0x00,0x29,0xFF,0xFF,0xFF,
  0x47,0x00,0x00,0x00,0x00,0x3D,0xFF,0xFF,0xFF,0x3F,0x00,0x00,0x00,0x0E,0xAB,0xFF,
  0xFF,0xFF,0x1F,0x64,0xEF,0xF3,0xFF,0xFF,0xFF,0xFF,0xEA,0x03,0x83,0xFF,0xFF,0xFF,
  0xFF,0xFF,0xFF,0x59,0x00,0x6D,0xFF,0xFF,0xEF,0xD6,0xAA,0x37,0x00,0x00,0x6A,0xFF,
  0xFF,0xD9,0x00,0x00,0x00,0x00,0x00,0x00,0x00,0x00,0x00,0x00,0x00,0x00,0x00,0x00,
  0x7B,0xFF,0xFF,0xEB,0x00,0x00,0x00,0x00,0x00,0x00,0x00,0x00,0x00,0x00,0x00,0x00,
  0x00,0x00,0x7B,0xFF,0xFF,0xEB,0x00,0x00,0x00,0x00,0x00,0x00,0x00,0x00,0x00,0x00,
  0x00,0x00,0x00,0x00,0x7B,0xFF,0xFF,0xEB,0x00,0x00,0x00,0x00,0x00,0x00,0x00,0x00,
  0x00,0x00,0x00,0x00,0x00,0x00,0x7B,0xFF,0xFF,0xEB,0x00,0x00,0x00,0x00,0x00,0x00,
  0x00,0x00,0x00,0x00,0x00,0x00,0x00,0x00,0x7B,0xFF,0xFF,0xEB,0x00,0x00,0x00,0x00,
  0x00,0x00,0x00,0x00,0x00,0xA8,0xFF,0xFF,0xF6,0x10,0x7B,0xFF,0xFF,0xEB,0x00,0x00,
  0x00,0x00,0x00,0x00,0x00,0x00,0x6C,0xFF,0xFF,0xFF,0x6A,0x00,0x7B,0xFF,0xFF,0xEB,
  0x00,0x00,0x00,0x00,0x00,0x00,0x00,0x2E,0xF8,0xFF,0xFF,0xAB,0x00,0x00,0x7B,0xFF,
  0xFF,0xEB,0x00,0x00,0x00,0x00,0x00,0x00,0x0A,0xD6,0xFF,0xFF,0xDC,0x0E,0x00,0x00,
  0x7B,0xFF,0xFF,0xEB,0x00,0x00,0x00,0x00,0x01,0x18,0xB9,0xFF,0xFF,0xF7,0x32,0x00,
  0x00,0x00,0x7B,0xFF,0xFF,0xFF,0xFF,0xFF,0xFF,0xFF,0xFF,0xFF,0xFF,0xFF,0xF8,0x47,
  0x00,0x00,0x00,0x00,0x7B,0xFF,0xFF,0xFF,0xFF,0xFF,0xFF,0xFF,0xFF,0xFF,0xFF,0xFF,
  0xCC,0x0C,0x00,0x00,0x00,0x00,0x7B,0xFF,0xFF,0xF9,0xAB,0xAB,0xAB,0xAB,0xAD,0xC3,
  0xFE,0xFF,0xFF,0xC9,0x11,0x00,0x00,0x00,0x7B,0xFF,0xFF,0xEB,0x00,0x00,0x00,0x00,
  0x00,0x00,0x5C,0xFE,0xFF,0xFF,0xB3,0x00,0x00,0x00,0x7B,0xFF,0xFF,0xEB,0x00,0x00,
  0x00,0x00,0x00,0x00,0x00,0x8B,0xFF,0xFF,0xFF,0x71,0x00,0x00,0x7B,0xFF,0xFF,0xEB,
  0x00,0x00,0x00,0x00,0x00,0x00,0x00,0x05,0xCA,0xFF,0xFF,0xF9,0x34,0x00,0x7B,0xFF,
  0xFF,0xEB,0x00,0x00,0x00,0x00,0x00,0x00,0x00,0x00,0x22,0xF1,0xFF,0xFF,0xDD,0x0E,
  0x6A,0xFF,0xFF,0xDA,0x00,0x00,0x00,0x00,0x00,0x00,0x00,0x00,0x00,0x53,0xF1,0xFF,
  0xFF,0x87,0x66,0xFF,0xFF,0xDE,0x77,0xFF,0xFF,0xEF,0x77,0xFF,0xFF,0xEF,0x77,0xFF,
  0xFF,0xEF,0x77,0xFF,0xFF,0xEF,0x77,0xFF,0xFF,0xEF,0x77,0xFF,0xFF,0xEF,0x77,0xFF,
  0xFF,0xEF,0x77,0xFF,0xFF,0xEF,0x77,0xFF,0xFF,0xEF,0x77,0xFF,0xFF,0xEF,0x77,0xFF,
  0xFF,0xEF,0x77,0xFF,0xFF,0xEF,0x77,0xFF,0xFF,0xEF,0x77,0xFF,0xFF,0xEF,0x77,0xFF,
  0xFF,0xEF,0x77,0xFF,0xFF,0xEF,0x66,0xFF,0xFF,0xDE,0x00,0x00,0x47,0xB3,0xD6,0xEF,
  0xFF,0xFF,0xFF,0xFF,0xFF,0xFF,0xFF,0xFF,0xFF,0xFF,0xFF,0xFF,0xFB,0xE4,0xCB,0x8C,
  0x1A,0x00,0x00,0x00,0x8A,0xFF,0xFF,0xFF,0xFF,0xFF,0xFF,0xFF,0xFF,0xFF,0xFF,0xFF,
  0xFF,0xFF,0xFF,0xFF,0xFF,0xFF,0xFF,0xFF,0xFF,0xF6,0x26,0x00,0x28,0xFC,0xFF,0xFF,
  0xFF,0xFF,0xFF,0xFF,0xFF,0xFF,0xFF,0xFF,0xFF,0xFF,0xFF,0xFF,0xFF,0xFF,0xFF,0xFF,
  0xFF,0xFF,0xFF,0xB8,0x00,0x5C,0xFF,0xFF,0xFF,0x96,0x1B,0x03,0x00,0x00,0x00,0x6F,
  0xFF,0xFF,0xF7,0x00,0x00,0x00,0x00,0x07,0x2F,0xD4,0xFF,0xFF,0xEF,0x00,0x7D,0xFF,
  0xFF,0xF9,0x07,0x00,0x00,0x00,0x00,0x00,0x6F,0xFF,0xFF,0xF7,0x00,0x00,0x00,0x00,
  0x00,0x00,0x69,0xFF,0xFF,0xFF,0x11,0x87,0xFF,0xFF,0xE4,0x00,0x00,0x00,0x00,0x00,
  0x00,0x6F,0xFF,0xFF,0xF7,0x00,0x00,0x00,0x00,0x00,0x00,0x50,0xFF,0xFF,0xFF,0x1B,
  0x87,0xFF,0xFF,0xDF,0x00,0x00,0x00,0x00,0x00,0x00,0x6F,0xFF,0xFF,0xF7,0x00,0x00,
  0x00,0x00,0x00,0x00,0x4B,0xFF,0xFF,0xFF,0x1B,0x87,0xFF,0xFF,0xDF,0x00,0x00,0x00,
  0x00,0x00,0x00,0x6F,0xFF,0xFF,0xF7,0x00,0x00,0x00,0x00,0x00,0x00,0x4B,0xFF,0xFF,
  0xFF,0x1B,0x87,0xFF,0xFF,0xDF,0x00,0x00,0x00,0x00,0x00,0x00,0x6F,0xFF,0xFF,0xF7,
  0x00,0x00,0x00,0x00,0x00,0x00,0x4B,0xFF,0xFF,0xFF,0x1B,0x87,0xFF,0xFF,0xDF,0x00,
  0x00,0x00,0x00,0x00,0x00,0x6F,0xFF,0xFF,0xF7,0x00,0x00,0x00,0x00,0x00,0x00,0x4B,
  0xFF,0xFF,0xFF,0x1B,0x87,0xFF,0xFF,0xDF,0x00,0x00,0x00,0x00,0x00,0x00,0x6F,0xFF,
  0xFF,0xF7,0x00,0x00,0x00,0x00,0x00,0x00,0x4B,0xFF,0xFF,0xFF,0x1B,0x87,0xFF,0xFF,
  0xDF,0x00,0x00,0x00,0x00,0x00,0x00,0x6F,0xFF,0xFF,0xF7,0x00,0x00,0x00,0x00,0x00,
  0x00,0x4B,0xFF,0xFF,0xFF,0x1B,0x77,0xFF,0xFF,0xCE,0x00,0x00,0x00,0x00,0x00,0x00,
  0x5F,0xFF,0xFF,0xE7,0x00,0x00,0x00,0x00,0x00,0x00,0x3D,0xFE,0xFF,0xF8,0x12,0x00,
  0x00,0x47,0xB3,0xD6,0xEF,0xFF,0xFF,0xFF,0xFF,0xFF,0xFF,0xFF,0xF4,0xDB,0xBF,0x5F,
  0x05,0x00,0x00,0x8A,0xFF,0xFF,0xFF,0xFF,0xFF,0xFF,0xFF,0xFF,0xFF,0xFF,0xFF,0xFF,
  0xFF,0xFF,0xFF,0xBE,0x01,0x28,0xFC,0xFF,0xFF,0xFF,0xFF,0xFF,0xFF,0xFF,0xFF,0xFF,
  0xFF,0xFF,0xFF,0xFF,0xFF,0xFF,0xFF,0x5C,0x5C,0xFF,0xFF,0xFF,0x96,0x1B,0x03,0x00,
  0x00,0x00,0x00,0x00,0x00,0x0E,0x58,0xFE,0xFF,0xFF,0x93,0x7D,0xFF,0xFF,0xF9,0x07,
  0x00,0x00,0x00,0x00,0x00,0x00,0x00,0x00,0x00,0x00,0xC5,0xFF,0xFF,0xB5,0x87,0xFF,
  0xFF,0xE4,0x00,0x00,0x00,0x00,0x00,0x00,0x00,0x00,0x00,0x00,0x00,0xAC,0xFF,0xFF,
  0xBF,0x87,0xFF,0xFF,0xDF,0x00,0x00,0x00,0x00,0x00,0x00,0x00,0x00,0x00,0x00,0x00,
  0xA7,0xFF,0xFF,0xBF,0x87,0xFF,0xFF,0xDF,0x00,0x00,0x00,0x00,0x00,0x00,0x00,0x00,
  0x00,0x00,0x00,0xA7,0xFF,0xFF,0xBF,0x87,0xFF,0xFF,0xDF,0x00,0x00,0x00,0x00,0x00,
  0x00,0x00,0x00,0x00,0x00,0x00,0xA7,0xFF,0xFF,0xBF,0x87,0xFF,0xFF,0xDF,0x00,0x00,
  0x00,0x00,0x00,0x00,0x00,0x00,0x00,0x00,0x00,0xA7,0xFF,0xFF,0xBF,0x87,0xFF,0xFF,
  0xDF,0x00,0x00,0x00,0x00,0x00,0x00,0x00,0x00,0x00,0x00,0x00,0xA7,0xFF,0xFF,0xBF,
  0x87,0xFF,0xFF,0xDF,0x00,0x00,0x00,0x00,0x00,0x00,0x00,0x00,0x00,0x00,0x00,0xA7,
  0xFF,0xFF,0xBF,0x77,0xFF,0xFF,0xCE,0x00,0x00,0x00,0x00,0x00,0x00,0x00,0x00,0x00,
  0x00,0x00,0x96,0xFF,0xFF,0xAE,0x00,0x04,0x59,0xBC,0xDA,0xF2,0xFF,0xFF,0xFF,0xFF,
  0xFF,0xFF,0xFF,0xEE,0xD5,0xB0,0x44,0x00,0x00,0x00,0xB2,0xFF,0xFF,0xFF,0xFF,0xFF,
  0xFF,0xFF,0xFF,0xFF,0xFF,0xFF,0xFF,0xFF,0xFF,0xFF,0x83,0x00,0x4E,0xFF,0xFF,0xFF,
  0xFF,0xF9,0xE9,0xE7,0xE7,0xE7,0xE7,0xE7,0xEB,0xFC,0xFF,0xFF,0xFF,0xFB,0x24,0x84,
  0xFF,0xFF,0xFE,0x54,0x00,0x00,0x00,0x00,0x00,0x00,0x00,0x00,0x04,0x7A,0xFF,0xFF,
  0xFF,0x56,0xA5,0xFF,0xFF,0xD1,0x00,0x00,0x00,0x00,0x00,0x00,0x00,0x00,0x00,0x00,
  0x02,0xF9,0xFF,0xFF,0x79,0xAF,0xFF,0xFF,0xBD,0x00,0x00,0x00,0x00,0x00,0x00,0x00,
  0x00,0x00,0x00,0x00,0xE5,0xFF,0xFF,0x83,0xAF,0xFF,0xFF,0xBB,0x00,0x00,0x00,0x00,
  0x00,0x00,0x00,0x00,0x00,0x00,0x00,0xE3,0xFF,0xFF,0x83,0xAF,0xFF,0xFF,0xBD,0x00,
  0x00,0x00,0x00,0x00,0x00,0x00,0x00,0x00,0x00,0x00,0xE5,0xFF,0xFF,0x83,0xA5,0xFF,
  0xFF,0xD1,0x00,0x00,0x00,0x00,0x00,0x00,0x00,0x00,0x00,0x00,0x01,0xF9,0xFF,0xFF,
  0x79,0x84,0xFF,0xFF,0xFE,0x4F,0x00,0x00,0x00,0x00,0x00,0x00,0x00,0x00,0x03,0x76,
  0xFF,0xFF,0xFF,0x56,0x4E,0xFF,0xFF,0xFF,0xFF,0xF5,0xE5,0xE3,0xE3,0xE3,0xE3,0xE3,
  0xE6,0xF9,0xFF,0xFF,0xFF,0xFB,0x24,0x00,0xB2,0xFF,0xFF,0xFF,0xFF,0xFF,0xFF,0xFF,
  0xFF,0xFF,0xFF,0xFF,0xFF,0xFF,0xFF,0xFF,0x83,0x00,0x00,0x04,0x5B,0xBE,0xDB,0xF3,
  0xFF,0xFF,0xFF,0xFF,0xFF,0xFF,0xFF,0xEF,0xD7,0xB1,0x45,0x00,0x00,0x00,0x01,0x4B,
  0xB4,0xD7,0xEF,0xFF,0xFF,0xFF,0xFF,0xFF,0xFF,0xFF,0xEF,0xD7,0xB5,0x4C,0x01,0x00,
  0x00,0x8F,0xFF,0xFF,0xFF,0xFF,0xFF,0xFF,0xFF,0xFF,0xFF,0xFF,0xFF,0xFF,0xFF,0xFF,
  0xFF,0x95,0x00,0x2B,0xFD,0xFF,0xFF,0xFF,0xFF,0xF2,0xEF,0xEF,0xEF,0xEF,0xEF,0xF2,
  0xFF,0xFF,0xFF,0xFF,0xFE,0x32,0x5E,0xFF,0xFF,0xFF,0x80,0x09,0x00,0x00,0x00,0x00,
  0x00,0x00,0x00,0x08,0x77,0xFF,0xFF,0xFF,0x67,0x7F,0xFF,0xFF,0xF6,0x02,0x00,0x00,
  0x00,0x00,0x00,0x00,0x00,0x00,0x00,0x00,0xED,0xFF,0xFF,0x89,0x87,0xFF,0xFF,0xE2,
  0x00,0x00,0x00,0x00,0x00,0x00,0x00,0x00,0x00,0x00,0x00,0xD6,0xFF,0xFF,0x93,0x87,
  0xFF,0xFF,0xDF,0x00,0x00,0x00,0x00,0x00,0x00,0x00,0x00,0x00,0x00,0x00,0xD3,0xFF,
  0xFF,0x93,0x87,0xFF,0xFF,0xDF,0x00,0x00,0x00,0x00,0x00,0x00,0x00,0x00,0x00,0x00,
  0x00,0xD6,0xFF,0xFF,0x93,0x87,0xFF,0xFF,0xDF,0x00,0x00,0x00,0x00,0x00,0x00,0x00,
  0x00,0x00,0x00,0x00,0xED,0xFF,0xFF,0x89,0x87,0xFF,0xFF,0xDF,0x00,0x00,0x00,0x00,
  0x00,0x00,0x00,0x00,0x00,0x07,0x75,0xFF,0xFF,0xFF,0x67,0x87,0xFF,0xFF,0xFD,0xEF,
  0xEF,0xEF,0xEF,0xEF,0xEF,0xEF,0xEF,0xF2,0xFF,0xFF,0xFF,0xFF,0xFE,0x32,0x87,0xFF,
  0xFF,0xFF,0xFF,0xFF,0xFF,0xFF,0xFF,0xFF,0xFF,0xFF,0xFF,0xFF,0xFF,0xFF,0xFF,0x95,
  0x00,0x87,0xFF,0xFF,0xFF,0xFF,0xFF,0xFF,0xFF,0xFF,0xFF,0xFF,0xFF,0xFF,0xF0,0xD8,
  0xB7,0x4E,0x01,0x00,0x87,0xFF,0xFF,0xDF,0x00,0x00,0x00,0x00,0x00,0x00,0x00,0x00,
  0x00,0x00,0x00,0x00,0x00,0x00,0x00,0x87,0xFF,0xFF,0xDF,0x00,0x00,0x00,0x00,0x00,
  0x00,0x00,0x00,0x00,0x00,0x00,0x00,0x00,0x00,0x00,0x87,0xFF,0xFF,0xDF,0x00,0x00,
  0x00,0x00,0x00,0x00,0x00,0x00,0x00,0x00,0x00,0x00,0x00,0x00,0x00,0x87,0xFF,0xFF,
  0xDF,0x00,0x00,0x00,0x00,0x00,0x00,0x00,0x00,0x00,0x00,0x00,0x00,0x00,0x00,0x00,
  0x77,0xFF,0xFF,0xCE,0x00,0x00,0x00,0x00,0x00,0x00,0x00,0x00,0x00,0x00,0x00,0x00,
  0x00,0x00,0x00,0x00,0x04,0x59,0xBC,0xDA,0xF2,0xFF,0xFF,0xFF,0xFF,0xFF,0xFF,0xFF,
  0xEC,0xD4,0xAB,0x3D,0x00,0x00,0x00,0xB2,0xFF,0xFF,0xFF,0xFF,0xFF,0xFF,0xFF,0xFF,
  0xFF,0xFF,0xFF,0xFF,0xFF,0xFF,0xFF,0x73,0x00,0x4E,0xFF,0xFF,0xFF,0xFF,0xFE,0xF1,
  0xEF,0xEF,0xEF,0xEF,0xEF,0xF4,0xFF,0xFF,0xFF,0xFF,0xF7,0x18,0x84,0xFF,0xFF,0xFF,
  0x60,0x04,0x00,0x00,0x00,0x00,0x00,0x00,0x00,0x0E,0x95,0xFF,0xFF,0xFF,0x44,0xA5,
  0xFF,0xFF,0xD5,0x00,0x00,0x00,0x00,0x00,0x00,0x00,0x00,0x00,0x00,0x12,0xFF,0xFF,
  0xFF,0x66,0xAF,0xFF,0xFF,0xBE,0x00,0x00,0x00,0x00,0x00,0x00,0x00,0x00,0x00,0x00,
  0x00,0xFA,0xFF,0xFF,0x6F,0xAF,0xFF,0xFF,0xBB,0x00,0x00,0x00,0x00,0x00,0x00,0x00,
  0x00,0x00,0x00,0x00,0xF7,0xFF,0xFF,0x6F,0xAF,0xFF,0xFF,0xBE,0x00,0x00,0x00,0x00,
  0x00,0x00,0x00,0x00,0x00,0x00,0x00,0xF7,0xFF,0xFF,0x6F,0xA5,0xFF,0xFF,0xD4,0x00,
  0x00,0x00,0x00,0x00,0x00,0x00,0x00,0x00,0x00,0x00,0xF7,0xFF,0xFF,0x6F,0x84,0xFF,
  0xFF,0xFF,0x5E,0x04,0x00,0x00,0x00,0x00,0x00,0x00,0x00,0x00,0x00,0xF7,0xFF,0xFF,
  0x6F,0x4E,0xFF,0xFF,0xFF,0xFF,0xFE,0xF1,0xEF,0xEF,0xEF,0xEF,0xEF,0xEF,0xEF,0xEF,
  0xFF,0xFF,0xFF,0x6F,0x00,0xB2,0xFF,0xFF,0xFF,0xFF,0xFF,0xFF,0xFF,0xFF,0xFF,0xFF,
  0xFF,0xFF,0xFF,0xFF,0xFF,0xFF,0x6F,0x00,0x04,0x5B,0xBE,0xDB,0xF3,0xFF,0xFF,0xFF,
  0xFF,0xFF,0xFF,0xFF,0xFF,0xFF,0xFF,0xFF,0xFF,0x6F,0x00,0x00,0x00,0x00,0x00,0x00,
  0x00,0x00,0x00,0x00,0x00,0x00,0x00,0x00,0x00,0xF7,0xFF,0xFF,0x6F,0x00,0x00,0x00,
  0x00,0x00,0x00,0x00,0x00,0x00,0x00,0x00,0x00,0x00,0x00,0x00,0xF7,0xFF,0xFF,0x6F,
  0x00,0x00,0x00,0x00,0x00,0x00,0x00,0x00,0x00,0x00,0x00,0x00,0x00,0x00,0x00,0xF7,
  0xFF,0xFF,0x6F,0x00,0x00,0x00,0x00,0x00,0x00,0x00,0x00,0x00,0x00,0x00,0x00,0x00,
  0x00,0x00,0xF7,0xFF,0xFF,0x6F,0x00,0x00,0x00,0x00,0x00,0x00,0x00,0x00,0x00,0x00,
  0x00,0x00,0x00,0x00,0x00,0xE6,0xFF,0xFF,0x5E,0x00,0x00,0x47,0xB3,0xD6,0xEF,0xFF,
  0xFF,0xFF,0xFF,0xFF,0xFF,0xFD,0x37,0x00,0x8A,0xFF,0xFF,0xFF,0xFF,0xFF,0xFF,0xFF,
  0xFF,0xFF,0xFF,0xFF,0x4B,0x28,0xFC,0xFF,0xFF,0xFF,0xFF,0xF2,0xEF,0xEF,0xEF,0xEF,
  0xEF,0xED,0x31,0x5C,0xFF,0xFF,0xFF,0x7E,0x08,0x00,0x00,0x00,0x00,0x00,0x00,0x00,
  0x00,0x7D,0xFF,0xFF,0xF6,0x02,0x00,0x00,0x00,0x00,0x00,0x00,0x00,0x00,0x00,0x87,
  0xFF,0xFF,0xE2,0x00,0x00,0x00,0x00,0x00,0x00,0x00,0x00,0x00,0x00,0x87,0xFF,0xFF,
  0xDF,0x00,0x00,0x00,0x00,0x00,0x00,0x00,0x00,0x00,0x00,0x87,0xFF,0xFF,0xDF,0x00,
  0x00,0x00,0x00,0x00,0x00,0x00,0x00,0x00,0x00,0x87,0xFF,0xFF,0xDF,0x00,0x00,0x00,
  0x00,0x00,0x00,0x00,0x00,0x00,0x00,0x87,0xFF,0xFF,0xDF,0x00,0x00,0x00,0x00,0x00,
  0x00,0x00,0x00,0x00,0x00,0x87,0xFF,0xFF,0xDF,0x00,0x00,0x00,0x00,0x00,0x00,0x00,
  0x00,0x00,0x00,0x87,0xFF,0xFF,0xDF,0x00,0x00,0x00,0x00,0x00,0x00,0x00,0x00,0x00,
  0x00,0x77,0xFF,0xFF,0xCE,0x00,0x00,0x00,0x00,0x00,0x00,0x00,0x00,0x00,0x00,0x00,
  0x5D,0xCC,0xF0,0xFF,0xFF,0xFF,0xFF,0xFF,0xFF,0xFF,0xFF,0xFF,0xFF,0xFF,0xF6,0x1A,
  0x54,0xFF,0xFF,0xFF,0xFF,0xFF,0xFF,0xFF,0xFF,0xFF,0xFF,0xFF,0xFF,0xFF,0xFF,0xFF,
  0x27,0xAB,0xFF,0xFF,0xFF,0xF5,0xE3,0xE3,0xE3,0xE3,0xE3,0xE3,0xE3,0xE3,0xE3,0xE3,
  0xDA,0x15,0xC7,0xFF,0xFF,0xB3,0x02,0x00,0x00,0x00,0x00,0x00,0x00,0x00,0x00,0x00,
  0x00,0x00,0x00,0xBC,0xFF,0xFF,0xBE,0x13,0x00,0x00,0x00,0x00,0x00,0x00,0x00,0x00,
  0x00,0x00,0x00,0x00,0x8F,0xFF,0xFF,0xFF,0xFF,0xFF,0xFF,0xFF,0xFF,0xFF,0xFF,0xFF,
  0xFF,0xED,0xC6,0x4E,0x00,0x16,0xDE,0xFF,0xFF,0xFF,0xFF,0xFF,0xFF,0xFF,0xFF,0xFF,
  0xFF,0xFF,0xFF,0xFF,0xFE,0x3D,0x00,0x06,0x55,0x79,0x87,0x87,0x87,0x87,0x87,0x87,
  0x87,0x87,0x9F,0xF7,0xFF,0xFF,0x95,0x00,0x00,0x00,0x00,0x00,0x00,0x00,0x00,0x00,
  0x00,0x00,0x00,0x00,0xAA,0xFF,0xFF,0xB5,0x00,0x00,0x00,0x00,0x00,0x00,0x00,0x00,
  0x00,0x00,0x00,0x00,0x04,0xC7,0xFF,0xFF,0xB5,0x9A,0xE3,0xE3,0xE3,0xE3,0xE3,0xE3,
  0xE3,0xE3,0xE3,0xE3,0xE3,0xF6,0xFF,0xFF,0xFF,0x96,0xC7,0xFF,0xFF,0xFF,0xFF,0xFF,
  0xFF,0xFF,0xFF,0xFF,0xFF,0xFF,0xFF,0xFF,0xFF,0xFF,0x40,0xB0,0xFF,0xFF,0xFF,0xFF,
  0xFF,0xFF,0xFF,0xFF,0xFF,0xFF,0xFF,0xFF,0xEE,0xC8,0x52,0x00,0x00,0x00,0x00,0xCB,
  0xFF,0xFF,0x77,0x00,0x00,0x00,0x00,0x00,0x00,0x00,0x00,0xDF,0xFF,0xFF,0x8B,0x00,
  0x00,0x00,0x00,0x00,0x00,0x00,0x00,0xDF,0xFF,0xFF,0x8B,0x00,0x00,0x00,0x00,0x00,
  0x00,0x00,0x00,0xDF,0xFF,0xFF,0x8B,0x00,0x00,0x00,0x00,0x00,0x80,0xFF,0xFF,0xFF,
  0xFF,0xFF,0xFF,0xFF,0xFF,0xFF,0xF9,0x23,0x97,0xFF,0xFF,0xFF,0xFF,0xFF,0xFF,0xFF,
  0xFF,0xFF,0xFF,0x33,0x72,0xE7,0xE7,0xFC,0xFF,0xFF,0xF5,0xE7,0xE7,0xE7,0xE1,0x1E,
  0x00,0x00,0x00,0xDF,0xFF,0xFF,0x8B,0x00,0x00,0x00,0x00,0x00,0x00,0x00,0x00,0xDF,
  0xFF,0xFF,0x8B,0x00,0x00,0x00,0x00,0x00,0x00,0x00,0x00,0xDF,0xFF,0xFF,0x8B,0x00,
  0x00,0x00,0x00,0x00,0x00,0x00,0x00,0xDF,0xFF,0xFF,0x8B,0x00,0x00,0x00,0x00,0x00,
  0x00,0x00,0x00,0xDF,0xFF,0xFF,0x8B,0x00,0x00,0x00,0x00,0x00,0x00,0x00,0x00,0xD9,
  0xFF,0xFF,0x93,0x00,0x00,0x00,0x00,0x00,0x00,0x00,0x00,0xBF,0xFF,0xFF,0xD8,0x16,
  0x00,0x00,0x00,0x00,0x00,0x00,0x00,0x95,0xFF,0xFF,0xFF,0xFD,0xEB,0xE7,0xE7,0x3C,
  0x00,0x00,0x00,0x1E,0xF7,0xFF,0xFF,0xFF,0xFF,0xFF,0xFF,0x5B,0x00,0x00,0x00,0x00,
  0x26,0xA5,0xD8,0xF3,0xFF,0xFF,0xFF,0x45,0x77,0xFF,0xFF,0xCD,0x00,0x00,0x00,0x00,
  0x00,0x00,0x00,0x00,0x00,0x00,0x00,0xC5,0xFF,0xFF,0x7D,0x87,0xFF,0xFF,0xDF,0x00,
  0x00,0x00,0x00,0x00,0x00,0x00,0x00,0x00,0x00,0x00,0xD7,0xFF,0xFF,0x8F,0x87,0xFF,
  0xFF,0xDF,0x00,0x00,0x00,0x00,0x00,0x00,0x00,0x00,0x00,0x00,0x00,0xD7,0xFF,0xFF,
  0x8F,0x87,0xFF,0xFF,0xDF,0x00,0x00,0x00,0x00,0x00,0x00,0x00,0x00,0x00,0x00,0x00,
  0xD7,0xFF,0xFF,0x8F,0x87,0xFF,0xFF,0xDF,0x00,0x00,0x00,0x00,0x00,0x00,0x00,0x00,
  0x00,0x00,0x00,0xD7,0xFF,0xFF,0x8F,0x87,0xFF,0xFF,0xDF,0x00,0x00,0x00,0x00,0x00,
  0x00,0x00,0x00,0x00,0x00,0x00,0xD7,0xFF,0xFF,0x8F,0x87,0xFF,0xFF,0xDF,0x00,0x00,
  0x00,0x00,0x00,0x00,0x00,0x00,0x00,0x00,0x00,0xD7,0xFF,0xFF,0x8F,0x87,0xFF,0xFF,
  0xE3,0x00,0x00,0x00,0x00,0x00,0x00,0x00,0x00,0x00,0x00,0x00,0xDC,0xFF,0xFF,0x8F,
  0x7D,0xFF,0xFF,0xF7,0x04,0x00,0x00,0x00,0x00,0x00,0x00,0x00,0x00,0x00,0x05,0xF5,
  0xFF,0xFF,0x85,0x5D,0xFF,0xFF,0xFF,0x87,0x17,0x05,0x03,0x03,0x03,0x03,0x03,0x06,
  0x1D,0x93,0xFF,0xFF,0xFF,0x63,0x29,0xFD,0xFF,0xFF,0xFF,0xFF,0xFF,0xFF,0xFF,0xFF,
  0xFF,0xFF,0xFF,0xFF,0xFF,0xFF,0xFF,0xFE,0x2F,0x00,0x8C,0xFF,0xFF,0xFF,0xFF,0xFF,
  0xFF,0xFF,0xFF,0xFF,0xFF,0xFF,0xFF,0xFF,0xFF,0xFF,0x91,0x00,0x00,0x00,0x49,0xB4,
  0xD7,0xF0,0xFF,0xFF,0xFF,0xFF,0xFF,0xFF,0xFF,0xF9,0xE7,0xB7,0x4B,0x01,0x00,0x87,
  0xFF,0xFF,0xED,0x2F,0x00,0x00,0x00,0x00,0x00,0x00,0x00,0x00,0x00,0x00,0x1C,0xE6,
  0xFF,0xFF,0x7C,0x1C,0xF4,0xFF,0xFF,0xC1,0x00,0x00,0x00,0x00,0x00,0x00,0x00,0x00,
  0x00,0x00,0xA5,0xFF,0xFF,0xF1,0x17,0x00,0x7B,0xFF,0xFF,0xFF,0x56,0x00,0x00,0x00,
  0x00,0x00,0x00,0x00,0x00,0x3A,0xFF,0xFF,0xFF,0x74,0x00,0x00,0x07,0xDD,0xFF,0xFF,
  0xE1,0x09,0x00,0x00,0x00,0x00,0x00,0x00,0x01,0xCB,0xFF,0xFF,0xDA,0x06,0x00,0x00,
  0x00,0x50,0xFF,0xFF,0xFF,0x80,0x00,0x00,0x00,0x00,0x00,0x00,0x61,0xFF,0xFF,0xFF,
  0x4B,0x00,0x00,0x00,0x00,0x00,0xBA,0xFF,0xFF,0xF6,0x1E,0x00,0x00,0x00,0x00,0x0D,
  0xE8,0xFF,0xFF,0xB7,0x00,0x00,0x00,0x00,0x00,0x00,0x29,0xFB,0xFF,0xFF,0xAA,0x00,
  0x00,0x00,0x00,0x89,0xFF,0xFF,0xFA,0x28,0x00,0x00,0x00,0x00,0x00,0x00,0x00,0x8F,
  0xFF,0xFF,0xFF,0x3F,0x00,0x00,0x24,0xF9,0xFF,0xFF,0x8D,0x00,0x00,0x00,0x00,0x00,
  0x00,0x00,0x00,0x0F,0xEA,0xFF,0xFF,0xD1,0x03,0x00,0xB1,0xFF,0xFF,0xEA,0x0F,0x00,
  0x00,0x00,0x00,0x00,0x00,0x00,0x00,0x00,0x64,0xFF,0xFF,0xFF,0x68,0x45,0xFF,0xFF,
  0xFF,0x65,0x00,0x00,0x00,0x00,0x00,0x00,0x00,0x00,0x00,0x00,0x02,0xCD,0xFF,0xFF,
  0xF4,0xEB,0xFF,0xFF,0xCE,0x02,0x00,0x00,0x00,0x00,0x00,0x00,0x00,0x00,0x00,0x00,
  0x00,0x3A,0xFE,0xFF,0xFF,0xFF,0xFF,0xFF,0x3D,0x00,0x00,0x00,0x00,0x00,0x00,0x00,
  0x00,0x00,0x00,0x00,0x00,0x00,0x6F,0xE6,0xFF,0xFF,0xE6,0x6F,0x00,0x00,0x00,0x00,
  0x00,0x00,0x00,0x7F,0xFF,0xFF,0xE0,0x09,0x00,0x00,0x00,0x00,0x00,0x00,0x88,0xF6,
  0xFF,0xFF,0xF7,0x92,0x00,0x00,0x00,0x00,0x00,0x00,0x05,0xD9,0xFF,0xFF,0x78,0x41,
  0xFF,0xFF,0xFF,0x53,0x00,0x00,0x00,0x00,0x00,0x1E,0xFD,0xFF,0xFF,0xFF,0xFF,0xFF,
  0x2B,0x00,0x00,0x00,0x00,0x00,0x4B,0xFF,0xFF,0xFF,0x35,0x02,0xE7,0xFF,0xFF,0xA9,
  0x00,0x00,0x00,0x00,0x00,0x78,0xFF,0xFF,0xEE,0xF3,0xFF,0xFF,0x85,0x00,0x00,0x00,
  0x00,0x00,0xA3,0xFF,0xFF,0xDB,0x00,0x00,0x93,0xFF,0xFF,0xF5,0x0A,0x00,0x00,0x00,
  0x00,0xD4,0xFF,0xFF,0x76,0x89,0xFF,0xFF,0xDE,0x00,0x00,0x00,0x00,0x09,0xF2,0xFF,
  0xFF,0x81,0x00,0x00,0x3C,0xFF,0xFF,0xFF,0x55,0x00,0x00,0x00,0x30,0xFF,0xFF,0xFD,
  0x1C,0x2E,0xFF,0xFF,0xFF,0x38,0x00,0x00,0x00,0x54,0xFF,0xFF,0xFF,0x28,0x00,0x00,
  0x01,0xE3,0xFF,0xFF,0xAB,0x00,0x00,0x00,0x8C,0xFF,0xFF,0xBD,0x00,0x00,0xD4,0xFF,
  0xFF,0x91,0x00,0x00,0x00,0xAC,0xFF,0xFF,0xCD,0x00,0x00,0x00,0x00,0x8E,0xFF,0xFF,
  0xF6,0x0B,0x00,0x02,0xE5,0xFF,0xFF,0x61,0x00,0x00,0x7A,0xFF,0xFF,0xE8,0x03,0x00,
  0x0D,0xF7,0xFF,0xFF,0x73,0x00,0x00,0x00,0x00,0x37,0xFF,0xFF,0xFF,0x56,0x00,0x44,
  0xFF,0xFF,0xF6,0x0E,0x00,0x00,0x21,0xFF,0xFF,0xFF,0x45,0x00,0x5D,0xFF,0xFF,0xFE,
  0x1C,0x00,0x00,0x00,0x00,0x00,0xDF,0xFF,0xFF,0xAC,0x00,0xA0,0xFF,0xFF,0xA7,0x00,
  0x00,0x00,0x00,0xC5,0xFF,0xFF,0x9E,0x00,0xB5,0xFF,0xFF,0xBF,0x00,0x00,0x00,0x00,
  0x00,0x00,0x89,0xFF,0xFF,0xF6,0x15,0xF2,0xFF,0xFF,0x4B,0x00,0x00,0x00,0x00,0x6B,
  0xFF,0xFF,0xF1,0x1B,0xFA,0xFF,0xFF,0x65,0x00,0x00,0x00,0x00,0x00,0x00,0x32,0xFF,
  0xFF,0xFF,0xDE,0xFF,0xFF,0xEA,0x04,0x00,0x00,0x00,0x00,0x15,0xFB,0xFF,0xFF,0xE0,
  0xFF,0xFF,0xFA,0x12,0x00,0x00,0x00,0x00,0x00,0x00,0x00,0xD7,0xFF,0xFF,0xFF,0xFF,
  0xFF,0x8D,0x00,0x00,0x00,0x00,0x00,0x00,0xB1,0xFF,0xFF,0xFF,0xFF,0xFF,0xB0,0x00,
  0x00,0x00,0x00,0x00,0x00,0x00,0x00,0x4C,0xDD,0xFF,0xFF,0xFF,0xD0,0x16,0x00,0x00,
  0x00,0x00,0x00,0x00,0x30,0xDE,0xFF,0xFF,0xFF,0xD2,0x30,0x00,0x00,0x00,0x00,0x00,
  0xD8,0xFF,0xFF,0xF7,0x82,0x00,0x00,0x00,0x00,0x00,0x00,0x00,0x1A,0xC6,0xFF,0xFF,
  0xFD,0x38,0x00,0x1D,0xD7,0xFF,0xFF,0xFF,0x9B,0x03,0x00,0x00,0x00,0x00,0x22,0xDE,
  0xFF,0xFF,0xF9,0x55,0x00,0x00,0x00,0x14,0xCA,0xFF,0xFF,0xFF,0xAE,0x07,0x00,0x00,
  0x2B,0xE6,0xFF,0xFF,0xF2,0x43,0x00,0x00,0x00,0x00,0x00,0x0C,0xBC,0xFF,0xFF,0xFF,
  0xBF,0x0E,0x36,0xED,0xFF,0xFF,0xEA,0x33,0x00,0x00,0x00,0x00,0x00,0x00,0x00,0x07,
  0xAC,0xFF,0xFF,0xFF,0xD3,0xF3,0xFF,0xFF,0xDF,0x25,0x00,0x00,0x00,0x00,0x00,0x00,
  0x00,0x00,0x00,0x03,0x9B,0xFF,0xFF,0xFF,0xFF,0xFF,0xD3,0x1A,0x00,0x00,0x00,0x00,
  0x00,0x00,0x00,0x00,0x00,0x00,0x00,0x21,0xF1,0xFF,0xFF,0xFF,0xFF,0x3C,0x00,0x00,
  0x00,0x00,0x00,0x00,0x00,0x00,0x00,0x00,0x00,0x2E,0xE6,0xFF,0xFF,0xFF,0xFF,0xFF,
  0xEE,0x39,0x00,0x00,0x00,0x00,0x00,0x00,0x00,0x00,0x00,0x3F,0xF0,0xFF,0xFF,0xE2,
  0x78,0xFB,0xFF,0xFF,0xF5,0x47,0x00,0x00,0x00,0x00,0x00,0x00,0x00,0x53,0xF8,0xFF,
  0xFF,0xD8,0x1D,0x00,0x4D,0xF6,0xFF,0xFF,0xFA,0x57,0x00,0x00,0x00,0x00,0x00,0x6A,
  0xFD,0xFF,0xFF,0xCD,0x15,0x00,0x00,0x00,0x3D,0xF0,0xFF,0xFF,0xFD,0x69,0x00,0x00,
  0x00,0x82,0xFF,0xFF,0xFF,0xC1,0x0E,0x00,0x00,0x00,0x00,0x00,0x2F,0xE8,0xFF,0xFF,
  0xFF,0x7C,0x00,0x6D,0xFF,0xFF,0xFE,0xA8,0x09,0x00,0x00,0x00,0x00,0x00,0x00,0x00,
  0x23,0xCF,0xFF,0xFF,0xFF,0x62,0x87,0xFF,0xFF,0xEC,0x2C,0x00,0x00,0x00,0x00,0x00,
  0x00,0x00,0x00,0x00,0x00,0x64,0xFC,0xFF,0xFD,0x1D,0x1F,0xF7,0xFF,0xFF,0xBB,0x00,
  0x00,0x00,0x00,0x00,0x00,0x00,0x00,0x00,0x12,0xEE,0xFF,0xFF,0xA4,0x00,0x00,0x84,
  0xFF,0xFF,0xFF,0x4C,0x00,0x00,0x00,0x00,0x00,0x00,0x00,0x00,0x90,0xFF,0xFF,0xF4,
  0x1B,0x00,0x00,0x0C,0xE6,0xFF,0xFF,0xD8,0x04,0x00,0x00,0x00,0x00,0x00,0x00,0x24,
  0xFA,0xFF,0xFF,0x79,0x00,0x00,0x00,0x00,0x61,0xFF,0xFF,0xFF,0x6E,0x00,0x00,0x00,
  0x00,0x00,0x00,0xAE,0xFF,0xFF,0xDD,0x07,0x00,0x00,0x00,0x00,0x02,0xCD,0xFF,0xFF,
  0xED,0x11,0x00,0x00,0x00,0x00,0x3C,0xFF,0xFF,0xFF,0x4F,0x00,0x00,0x00,0x00,0x00,
  0x00,0x3E,0xFF,0xFF,0xFF,0x90,0x00,0x00,0x00,0x01,0xC9,0xFF,0xFF,0xBA,0x00,0x00,
  0x00,0x00,0x00,0x00,0x00,0x00,0xAB,0xFF,0xFF,0xFA,0x26,0x00,0x00,0x5A,0xFF,0xFF,
  0xFB,0x29,0x00,0x00,0x00,0x00,0x00,0x00,0x00,0x00,0x21,0xF8,0xFF,0xFF,0xB2,0x00,
  0x08,0xE0,0xFF,0xFF,0x8F,0x00,0x00,0x00,0x00,0x00,0x00,0x00,0x00,0x00,0x00,0x88,
  0xFF,0xFF,0xFF,0x44,0x78,0xFF,0xFF,0xEA,0x10,0x00,0x00,0x00,0x00,0x00,0x00,0x00,
  0x00,0x00,0x00,0x0D,0xE8,0xFF,0xFF,0xEC,0xF3,0xFF,0xFF,0x64,0x00,0x00,0x00,0x00,
  0x00,0x00,0x00,0x00,0x00,0x00,0x00,0x00,0x64,0xFF,0xFF,0xFF,0xFF,0xFF,0xCD,0x02,
  0x00,0x00,0x00,0x00,0x00,0x00,0x00,0x00,0x00,0x00,0x00,0x00,0x01,0x9E,0xF7,0xFF,
  0xFF,0xFF,0x3B,0x00,0x00,0x00,0x00,0x00,0x00,0x00,0x00,0x00,0x00,0x00,0x00,0x00,
  0x00,0x06,0xCA,0xFF,0xFF,0xA5,0x00,0x00,0x00,0x00,0x00,0x00,0x00,0x00,0x00,0x00,
  0x00,0x00,0x0F,0x1B,0x25,0xA1,0xFF,0xFF,0xF4,0x1B,0x00,0x00,0x00,0x00,0x00,0x00,
  0x00,0x00,0x00,0x00,0x00,0x00,0xE2,0xFF,0xFF,0xFF,0xFF,0xFF,0x7A,0x00,0x00,0x00,
  0x00,0x00,0x00,0x00,0x00,0x00,0x00,0x00,0x00,0x00,0xEF,0xFF,0xFF,0xFF,0xFF,0xC5,
  0x07,0x00,0x00,0x00,0x00,0x00,0x00,0x00,0x00,0x00,0x00,0x00,0x00,0x00,0xD9,0xFF,
  0xFA,0xE2,0x96,0x09,0x00,0x00,0x00,0x00,0x00,0x00,0x00,0x00,0x00,0x00,0xBC,0xFF,
  0xFF,0xFF,0xFF,0xFF,0xFF,0xFF,0xFF,0xFF,0xFF,0xFF,0xFF,0xFF,0xD1,0x29,0xD3,0xFF,
  0xFF,0xFF,0xFF,0xFF,0xFF,0xFF,0xFF,0xFF,0xFF,0xFF,0xFF,0xFF,0xFF,0x7D,0xA8,0xE7,
  0xE7,0xE7,0xE7,0xE7,0xE7,0xE7,0xE7,0xE7,0xE7,0xEC,0xFF,0xFF,0xFF,0x87,0x00,0x00,
  0x00,0x00,0x00,0x00,0x00,0x00,0x00,0x00,0x04,0x58,0xFF,0xFF,0xFF,0x84,0x00,0x00,
  0x00,0x00,0x00,0x00,0x00,0x00,0x2A,0x8B,0xE8,0xFF,0xFF,0xFF,0xFF,0x52,0x00,0x00,
  0x00,0x00,0x00,0x0F,0x66,0xC7,0xFF,0xFF,0xFF,0xFF,0xFC,0xB5,0x47,0x00,0x00,0x00,
  0x01,0x41,0xA3,0xF6,0xFF,0xFF,0xFF,0xFF,0xDB,0x7A,0x1B,0x00,0x00,0x00,0x0C,0x7D,
  0xDE,0xFF,0xFF,0xFF,0xFF,0xF5,0xA1,0x3F,0x00,0x00,0x00,0x00,0x00,0x00,0xBD,0xFF,
  0xFF,0xFF,0xFF,0xC8,0x66,0x0E,0x00,0x00,0x00,0x00,0x00,0x00,0x00,0x00,0xED,0xFF,
  0xFF,0xCE,0x2B,0x00,0x00,0x00,0x00,0x00,0x00,0x00,0x00,0x00,0x00,0x00,0xEF,0xFF,
  0xFF,0xFA,0xE7,0xE7,0xE7,0xE7,0xE7,0xE7,0xE7,0xE7,0xE7,0xE7,0xE7,0x4A,0xE6,0xFF,
  0xFF,0xFF,0xFF,0xFF,0xFF,0xFF,0xFF,0xFF,0xFF,0xFF,0xFF,0xFF,0xFF,0x6B,0x77,0xED,
  0xFF,0xFF,0xFF,0xFF,0xFF,0xFF,0xFF,0xFF,0xFF,0xFF,0xFF,0xFF,0xFF,0x54,0x00,0x00,
  0x00,0x00,0x00,0x10,0x33,0x43,0x30,0x00,0x00,0x00,0x09,0x9B,0xFE,0xFF,0xFF,0xE3,
  0x00,0x00,0x00,0x7C,0xFF,0xFF,0xFF,0xFF,0xD8,0x00,0x00,0x00,0xD7,0xFF,0xBA,0x18,
  0x00,0x00,0x00,0x00,0x00,0xF5,0xFF,0x55,0x00,0x00,0x00,0x00,0x00,0x03,0xFF,0xFF,
  0x47,0x00,0x00,0x00,0x00,0x00,0x03,0xFF,0xFF,0x47,0x00,0x00,0x00,0x00,0x00,0x03,
  0xFF,0xFF,0x47,0x00,0x00,0x00,0x00,0x00,0x03,0xFF,0xFF,0x47,0x00,0x00,0x00,0x00,
  0x00,0x03,0xFF,0xFF,0x47,0x00,0x00,0x00,0x00,0x00,0x03,0xFF,0xFF,0x47,0x00,0x00,
  0x00,0x00,0x00,0x10,0xFF,0xFF,0x3D,0x00,0x00,0x00,0x21,0x4D,0x9D,0xFF,0xFA,0x0D,
  0x00,0x00,0x00,0xB9,0xFF,0xFF,0xFF,0x77,0x00,0x00,0x00,0x00,0xA4,0xFF,0xFF,0xFF,
  0xAB,0x00,0x00,0x00,0x00,0x00,0x02,0x5C,0xFF,0xFF,0x1A,0x00,0x00,0x00,0x00,0x00,
  0x06,0xFF,0xFF,0x45,0x00,0x00,0x00,0x00,0x00,0x03,0xFF,0xFF,0x47,0x00,0x00,0x00,
  0x00,0x00,0x03,0xFF,0xFF,0x47,0x00,0x00,0x00,0x00,0x00,0x03,0xFF,0xFF,0x47,0x00,
  0x00,0x00,0x00,0x00,0x03,0xFF,0xFF,0x47,0x00,0x00,0x00,0x00,0x00,0x03,0xFF,0xFF,
  0x47,0x00,0x00,0x00,0x00,0x00,0x03,0xFF,0xFF,0x48,0x00,0x00,0x00,0x00,0x00,0x00,
  0xEC,0xFF,0x62,0x00,0x00,0x00,0x00,0x00,0x00,0xC8,0xFF,0xDE,0x5E,0x48,0x34,0x00,
  0x00,0x00,0x55,0xFF,0xFF,0xFF,0xFF,0xE3,0x00,0x00,0x00,0x00,0x57,0xCB,0xEF,0xFF,
  0xD7,0x05,0xAE,0xBB,0x1A,0x0F,0xFF,0xFF,0x3B,0x0F,0xFF,0xFF,0x3B,0x0F,0xFF,0xFF,
  0x3B,0x0F,0xFF,0xFF,0x3B,0x0F,0xFF,0xFF,0x3B,0x0F,0xFF,0xFF,0x3B,0x0F,0xFF,0xFF,
  0x3B,0x0F,0xFF,0xFF,0x3B,0x0F,0xFF,0xFF,0x3B,0x0F,0xFF,0xFF,0x3B,0x0F,0xFF,0xFF,
  0x3B,0x0F,0xFF,0xFF,0x3B,0x0F,0xFF,0xFF,0x3B,0x0F,0xFF,0xFF,0x3B,0x0F,0xFF,0xFF,
  0x3B,0x0F,0xFF,0xFF,0x3B,0x0F,0xFF,0xFF,0x3B,0x0F,0xFF,0xFF,0x3B,0x0F,0xFF,0xFF,
  0x3B,0x0F,0xFF,0xFF,0x3B,0x0F,0xFF,0xFF,0x3B,0x09,0xEE,0xFB,0x29,0x00,0x39,0x43,
  0x2D,0x0B,0x00,0x00,0x00,0x00,0x00,0x03,0xFF,0xFF,0xFF,0xF9,0x85,0x01,0x00,0x00,
  0x00,0x02,0xF6,0xFF,0xFF,0xFF,0xFF,0x58,0x00,0x00,0x00,0x00,0x00,0x00,0x22,0xD3,
  0xFF,0xB4,0x00,0x00,0x00,0x00,0x00,0x00,0x00,0x7A,0xFF,0xD4,0x00,0x00,0x00,0x00,
  0x00,0x00,0x00,0x6B,0xFF,0xE3,0x00,0x00,0x00,0x00,0x00,0x00,0x00,0x6B,0xFF,0xE3,
  0x00,0x00,0x00,0x00,0x00,0x00,0x00,0x6B,0xFF,0xE3,0x00,0x00,0x00,0x00,0x00,0x00,
  0x00,0x6B,0xFF,0xE3,0x00,0x00,0x00,0x00,0x00,0x00,0x00,0x6B,0xFF,0xE3,0x00,0x00,
  0x00,0x00,0x00,0x00,0x00,0x6B,0xFF,0xE3,0x00,0x00,0x00,0x00,0x00,0x00,0x00,0x61,
  0xFF,0xEE,0x01,0x00,0x00,0x00,0x00,0x00,0x00,0x2C,0xFF,0xFF,0x86,0x4C,0x17,0x00,
  0x00,0x00,0x00,0x00,0x98,0xFF,0xFF,0xFF,0x95,0x00,0x00,0x00,0x00,0x05,0xC8,0xFF,
  0xFF,0xFF,0x81,0x00,0x00,0x00,0x00,0x3F,0xFF,0xFF,0x3D,0x00,0x00,0x00,0x00,0x00,
  0x00,0x69,0xFF,0xE7,0x00,0x00,0x00,0x00,0x00,0x00,0x00,0x6B,0xFF,0xE3,0x00,0x00,
  0x00,0x00,0x00,0x00,0x00,0x6B,0xFF,0xE3,0x00,0x00,0x00,0x00,0x00,0x00,0x00,0x6B,
  0xFF,0xE3,0x00,0x00,0x00,0x00,0x00,0x00,0x00,0x6B,0xFF,0xE3,0x00,0x00,0x00,0x00,
  0x00,0x00,0x00,0x6B,0xFF,0xE3,0x00,0x00,0x00,0x00,0x00,0x00,0x00,0x6D,0xFF,0xE2,
  0x00,0x00,0x00,0x00,0x00,0x00,0x00,0x87,0xFF,0xCB,0x00,0x00,0x00,0x00,0x3E,0x48,
  0x67,0xED,0xFF,0xA7,0x00,0x00,0x00,0x03,0xFF,0xFF,0xFF,0xFF,0xFE,0x35,0x00,0x00,
  0x00,0x02,0xF5,0xFF,0xEA,0xC2,0x44,0x00,0x00,0x00,0x00,0x32,0xB2,0xED,0xF1,0xC7,
  0x7B,0x16,0x00,0x00,0x00,0x00,0x1A,0x35,0xE2,0xFF,0xFF,0xFF,0xFF,0xFF,0xF9,0xA5,
  0x5A,0x46,0x7D,0xF4,0xB3,0xFB,0xDA,0x62,0x46,0x68,0xC0,0xFF,0xFF,0xFF,0xFF,0xFF,
  0xFF,0x9B,0x4D,0x08,0x00,0x00,0x00,0x00,0x2E,0x9B,0xD7,0xF8,0xE1,0x97,0x16,
};

const uint32_t Conthrax_SemiBold_28px_vlw_len = 27231;
